TIME,GEO,GDP
2010Q3,European Union - 27 countries (from 2020),2737806.5
2010Q3,European Union - 28 countries (2013-2020),3219688.1
2010Q3,Euro area - 19 countries  (from 2015),2372179.6
2010Q3,Belgium,88635.0
2010Q3,Bulgaria,10342.2
2010Q3,Czechia,40716.5
2010Q3,Denmark,61176.9
2010Q3,Germany (until 1990 former territory of the FRG),651380.0
2010Q3,Estonia,3831.3
2010Q3,Ireland,42754.0
2010Q3,Greece,56496.6
2010Q3,Spain,261706.0
2010Q3,France,491577.0
2010Q3,Croatia,12420.2
2010Q3,Italy,398210.7
2010Q3,Cyprus,4943.0
2010Q3,Latvia,4608.4
2010Q3,Lithuania,7340.5
2010Q3,Luxembourg,9867.0
2010Q3,Hungary,24879.7
2010Q3,Malta,1806.2
2010Q3,Netherlands,156421.0
2010Q3,Austria,74453.4
2010Q3,Poland,89350.6
2010Q3,Portugal,45158.6
2010Q3,Romania,34032.1
2010Q3,Slovenia,9328.6
2010Q3,Slovakia,18054.1
2010Q3,Finland,46305.0
2010Q3,Sweden,92759.9
2010Q3,United Kingdom,482029.9
2010Q3,Iceland,2785.4
2010Q3,Norway,78613.6
2010Q3,Switzerland,118758.8
2010Q3,Montenegro,963.4
2010Q3,North Macedonia,1861.1
2010Q3,Albania,2297.0
2010Q3,Serbia,8071.9
2010Q3,Turkey,163975.6
2010Q3,Belarus,
2010Q3,Bosnia and Herzegovina,3452.2
2010Q3,Kosovo (under United Nations Security Council Resolution 1244/99),1172.7
2010Q3,Moldova,
2010Q3,Russia,328441.7
2010Q3,Ukraine,
2010Q3,Mauritius,
2010Q3,Rwanda,
2010Q3,Seychelles,
2010Q3,Egypt,
2010Q3,Morocco,
2010Q3,Botswana,
2010Q3,Namibia,
2010Q3,South Africa,73960.5
2010Q3,Cabo Verde,
2010Q3,Nigeria,
2010Q3,Canada,321071.1
2010Q3,United States,2926859.0
2010Q3,Dominican Republic,
2010Q3,Jamaica,
2010Q3,Costa Rica,
2010Q3,El Salvador,
2010Q3,Guatemala,
2010Q3,Honduras,
2010Q3,Mexico,201955.5
2010Q3,Nicaragua,
2010Q3,Argentina,84175.5
2010Q3,Bolivia,
2010Q3,Brazil,441779.2
2010Q3,Chile,
2010Q3,Colombia,
2010Q3,Ecuador,
2010Q3,Paraguay,
2010Q3,Peru,
2010Q3,Uruguay,
2010Q3,Kazakhstan,
2010Q3,Kyrgyzstan,
2010Q3,China including Hong Kong,1212565.8
2010Q3,Hong Kong,45535.5
2010Q3,Macao,
2010Q3,Japan,1133093.0
2010Q3,Mongolia,
2010Q3,South Korea,219401.9
2010Q3,India,292722.1
2010Q3,Iran,
2010Q3,Sri Lanka,
2010Q3,Brunei Darussalam,
2010Q3,Cambodia,
2010Q3,Indonesia,153822.4
2010Q3,Malaysia,50952.9
2010Q3,Philippines,38890.5
2010Q3,Singapore,46747.1
2010Q3,Thailand,65073.9
2010Q3,Armenia,
2010Q3,Azerbaijan,
2010Q3,Bahrain,
2010Q3,Georgia,
2010Q3,Iraq,
2010Q3,Israel,45354.9
2010Q3,Palestine,
2010Q3,Qatar,
2010Q3,Saudi Arabia,
2010Q3,Australia,241189.7
2010Q3,New Zealand,26844.1
2010Q3,Samoa,
2010Q4,European Union - 27 countries (from 2020),2888980.3
2010Q4,European Union - 28 countries (2013-2020),3364712.6
2010Q4,Euro area - 19 countries  (from 2015),2491855.4
2010Q4,Belgium,96448.0
2010Q4,Bulgaria,10835.3
2010Q4,Czechia,42021.2
2010Q4,Denmark,63047.8
2010Q4,Germany (until 1990 former territory of the FRG),668930.0
2010Q4,Estonia,3996.9
2010Q4,Ireland,41481.4
2010Q4,Greece,56968.5
2010Q4,Spain,279971.0
2010Q4,France,516471.0
2010Q4,Croatia,11105.5
2010Q4,Italy,431297.7
2010Q4,Cyprus,4973.6
2010Q4,Latvia,4767.7
2010Q4,Lithuania,7284.7
2010Q4,Luxembourg,10824.3
2010Q4,Hungary,27547.1
2010Q4,Malta,1728.5
2010Q4,Netherlands,165028.0
2010Q4,Austria,78762.6
2010Q4,Poland,102473.4
2010Q4,Portugal,46446.8
2010Q4,Romania,36754.6
2010Q4,Slovenia,9329.3
2010Q4,Slovakia,17511.1
2010Q4,Finland,50696.0
2010Q4,Sweden,103299.1
2010Q4,United Kingdom,475918.0
2010Q4,Iceland,2777.6
2010Q4,Norway,86336.0
2010Q4,Switzerland,122940.3
2010Q4,Montenegro,810.0
2010Q4,North Macedonia,1883.3
2010Q4,Albania,2369.8
2010Q4,Serbia,8487.7
2010Q4,Turkey,163069.2
2010Q4,Belarus,
2010Q4,Bosnia and Herzegovina,3329.4
2010Q4,Kosovo (under United Nations Security Council Resolution 1244/99),1169.5
2010Q4,Moldova,
2010Q4,Russia,341113.0
2010Q4,Ukraine,
2010Q4,Mauritius,
2010Q4,Rwanda,
2010Q4,Seychelles,
2010Q4,Egypt,
2010Q4,Morocco,
2010Q4,Botswana,
2010Q4,Namibia,
2010Q4,South Africa,76529.4
2010Q4,Cabo Verde,
2010Q4,Nigeria,
2010Q4,Canada,316936.1
2010Q4,United States,2854420.2
2010Q4,Dominican Republic,
2010Q4,Jamaica,
2010Q4,Costa Rica,
2010Q4,El Salvador,
2010Q4,Guatemala,
2010Q4,Honduras,
2010Q4,Mexico,208880.8
2010Q4,Nicaragua,
2010Q4,Argentina,84878.1
2010Q4,Bolivia,
2010Q4,Brazil,458987.7
2010Q4,Chile,
2010Q4,Colombia,
2010Q4,Ecuador,
2010Q4,Paraguay,
2010Q4,Peru,
2010Q4,Uruguay,
2010Q4,Kazakhstan,
2010Q4,Kyrgyzstan,
2010Q4,China including Hong Kong,1319692.5
2010Q4,Hong Kong,45897.8
2010Q4,Macao,
2010Q4,Japan,1177087.4
2010Q4,Mongolia,
2010Q4,South Korea,227827.8
2010Q4,India,329879.2
2010Q4,Iran,
2010Q4,Sri Lanka,
2010Q4,Brunei Darussalam,
2010Q4,Cambodia,
2010Q4,Indonesia,145313.8
2010Q4,Malaysia,51520.7
2010Q4,Philippines,44315.0
2010Q4,Singapore,48587.9
2010Q4,Thailand,67489.9
2010Q4,Armenia,
2010Q4,Azerbaijan,
2010Q4,Bahrain,
2010Q4,Georgia,
2010Q4,Iraq,
2010Q4,Israel,45789.8
2010Q4,Palestine,
2010Q4,Qatar,
2010Q4,Saudi Arabia,
2010Q4,Australia,265392.4
2010Q4,New Zealand,30015.1
2010Q4,Samoa,
2011Q1,European Union - 27 countries (from 2020),2740145.5
2011Q1,European Union - 28 countries (2013-2020),3228582.1
2011Q1,Euro area - 19 countries  (from 2015),2380612.0
2011Q1,Belgium,90847.0
2011Q1,Bulgaria,8838.6
2011Q1,Czechia,38675.4
2011Q1,Denmark,60327.5
2011Q1,Germany (until 1990 former territory of the FRG),659010.0
2011Q1,Estonia,3807.5
2011Q1,Ireland,42179.9
2011Q1,Greece,48742.3
2011Q1,Spain,258719.0
2011Q1,France,508802.0
2011Q1,Croatia,10145.2
2011Q1,Italy,391555.4
2011Q1,Cyprus,4745.9
2011Q1,Latvia,4418.4
2011Q1,Lithuania,6914.7
2011Q1,Luxembourg,10550.2
2011Q1,Hungary,23090.7
2011Q1,Malta,1651.4
2011Q1,Netherlands,160242.0
2011Q1,Austria,73518.3
2011Q1,Poland,90944.5
2011Q1,Portugal,42666.8
2011Q1,Romania,26227.6
2011Q1,Slovenia,8786.5
2011Q1,Slovakia,16338.8
2011Q1,Finland,47120.0
2011Q1,Sweden,101142.0
2011Q1,United Kingdom,488607.0
2011Q1,Iceland,2622.1
2011Q1,Norway,88185.7
2011Q1,Switzerland,121699.0
2011Q1,Montenegro,624.4
2011Q1,North Macedonia,1684.8
2011Q1,Albania,2126.6
2011Q1,Serbia,7824.8
2011Q1,Turkey,135635.8
2011Q1,Belarus,
2011Q1,Bosnia and Herzegovina,3098.7
2011Q1,Kosovo (under United Nations Security Council Resolution 1244/99),999.5
2011Q1,Moldova,
2011Q1,Russia,325639.5
2011Q1,Ukraine,
2011Q1,Mauritius,
2011Q1,Rwanda,
2011Q1,Seychelles,
2011Q1,Egypt,
2011Q1,Morocco,
2011Q1,Botswana,
2011Q1,Namibia,
2011Q1,South Africa,75124.5
2011Q1,Cabo Verde,
2011Q1,Nigeria,
2011Q1,Canada,309416.3
2011Q1,United States,2739993.4
2011Q1,Dominican Republic,
2011Q1,Jamaica,
2011Q1,Costa Rica,
2011Q1,El Salvador,
2011Q1,Guatemala,
2011Q1,Honduras,
2011Q1,Mexico,210742.2
2011Q1,Nicaragua,
2011Q1,Argentina,86024.7
2011Q1,Bolivia,
2011Q1,Brazil,445866.5
2011Q1,Chile,
2011Q1,Colombia,
2011Q1,Ecuador,
2011Q1,Paraguay,
2011Q1,Peru,
2011Q1,Uruguay,
2011Q1,Kazakhstan,
2011Q1,Kyrgyzstan,
2011Q1,China including Hong Kong,1160415.6
2011Q1,Hong Kong,43503.7
2011Q1,Macao,
2011Q1,Japan,1092374.5
2011Q1,Mongolia,
2011Q1,South Korea,214331.2
2011Q1,India,350303.9
2011Q1,Iran,
2011Q1,Sri Lanka,
2011Q1,Brunei Darussalam,
2011Q1,Cambodia,
2011Q1,Indonesia,150704.7
2011Q1,Malaysia,52389.8
2011Q1,Philippines,39268.0
2011Q1,Singapore,49491.3
2011Q1,Thailand,70869.5
2011Q1,Armenia,
2011Q1,Azerbaijan,
2011Q1,Bahrain,
2011Q1,Georgia,
2011Q1,Iraq,
2011Q1,Israel,45781.7
2011Q1,Palestine,
2011Q1,Qatar,
2011Q1,Saudi Arabia,
2011Q1,Australia,250408.4
2011Q1,New Zealand,28693.9
2011Q1,Samoa,
2011Q2,European Union - 27 countries (from 2020),2838628.1
2011Q2,European Union - 28 countries (2013-2020),3300461.5
2011Q2,Euro area - 19 countries  (from 2015),2452686.8
2011Q2,Belgium,94533.0
2011Q2,Bulgaria,10354.0
2011Q2,Czechia,42161.8
2011Q2,Denmark,62574.4
2011Q2,Germany (until 1990 former territory of the FRG),660420.0
2011Q2,Estonia,4254.0
2011Q2,Ireland,43074.2
2011Q2,Greece,51908.5
2011Q2,Spain,272481.0
2011Q2,France,516487.0
2011Q2,Croatia,11448.9
2011Q2,Italy,414755.6
2011Q2,Cyprus,5013.7
2011Q2,Latvia,5034.1
2011Q2,Lithuania,7987.3
2011Q2,Luxembourg,10734.7
2011Q2,Hungary,26203.3
2011Q2,Malta,1706.9
2011Q2,Netherlands,165292.0
2011Q2,Austria,77337.5
2011Q2,Poland,95480.6
2011Q2,Portugal,44521.7
2011Q2,Romania,31421.7
2011Q2,Slovenia,9556.1
2011Q2,Slovakia,17783.3
2011Q2,Finland,49807.0
2011Q2,Sweden,106107.5
2011Q2,United Kingdom,462012.6
2011Q2,Iceland,2636.6
2011Q2,Norway,86297.2
2011Q2,Switzerland,128411.8
2011Q2,Montenegro,773.5
2011Q2,North Macedonia,1904.7
2011Q2,Albania,2308.1
2011Q2,Serbia,8980.1
2011Q2,Turkey,150044.4
2011Q2,Belarus,
2011Q2,Bosnia and Herzegovina,3323.2
2011Q2,Kosovo (under United Nations Security Council Resolution 1244/99),1241.9
2011Q2,Moldova,
2011Q2,Russia,358406.5
2011Q2,Ukraine,
2011Q2,Mauritius,
2011Q2,Rwanda,
2011Q2,Seychelles,
2011Q2,Egypt,
2011Q2,Morocco,
2011Q2,Botswana,
2011Q2,Namibia,
2011Q2,South Africa,76182.1
2011Q2,Cabo Verde,
2011Q2,Nigeria,
2011Q2,Canada,310539.8
2011Q2,United States,2696912.0
2011Q2,Dominican Republic,
2011Q2,Jamaica,
2011Q2,Costa Rica,
2011Q2,El Salvador,
2011Q2,Guatemala,
2011Q2,Honduras,
2011Q2,Mexico,212973.4
2011Q2,Nicaragua,
2011Q2,Argentina,95260.0
2011Q2,Bolivia,
2011Q2,Brazil,473306.6
2011Q2,Chile,
2011Q2,Colombia,
2011Q2,Ecuador,
2011Q2,Paraguay,
2011Q2,Peru,
2011Q2,Uruguay,
2011Q2,Kazakhstan,
2011Q2,Kyrgyzstan,
2011Q2,China including Hong Kong,1271491.5
2011Q2,Hong Kong,40793.2
2011Q2,Macao,
2011Q2,Japan,1031807.3
2011Q2,Mongolia,
2011Q2,South Korea,220415.7
2011Q2,India,317407.2
2011Q2,Iran,
2011Q2,Sri Lanka,
2011Q2,Brunei Darussalam,
2011Q2,Cambodia,
2011Q2,Indonesia,155950.3
2011Q2,Malaysia,51565.0
2011Q2,Philippines,40877.0
2011Q2,Singapore,48384.9
2011Q2,Thailand,64481.9
2011Q2,Armenia,
2011Q2,Azerbaijan,
2011Q2,Bahrain,
2011Q2,Georgia,
2011Q2,Iraq,
2011Q2,Israel,46425.1
2011Q2,Palestine,
2011Q2,Qatar,
2011Q2,Saudi Arabia,
2011Q2,Australia,270291.5
2011Q2,New Zealand,28724.4
2011Q2,Samoa,
2011Q3,European Union - 27 countries (from 2020),2818835.8
2011Q3,European Union - 28 countries (2013-2020),3288193.4
2011Q3,Euro area - 19 countries  (from 2015),2435814.3
2011Q3,Belgium,91288.0
2011Q3,Bulgaria,11356.6
2011Q3,Czechia,42224.8
2011Q3,Denmark,61273.7
2011Q3,Germany (until 1990 former territory of the FRG),682290.0
2011Q3,Estonia,4345.8
2011Q3,Ireland,43632.4
2011Q3,Greece,52082.2
2011Q3,Spain,259493.0
2011Q3,France,504483.0
2011Q3,Croatia,12263.7
2011Q3,Italy,408635.1
2011Q3,Cyprus,4987.0
2011Q3,Latvia,5299.9
2011Q3,Lithuania,8366.9
2011Q3,Luxembourg,10547.7
2011Q3,Hungary,26532.6
2011Q3,Malta,1819.9
2011Q3,Netherlands,158947.0
2011Q3,Austria,78092.6
2011Q3,Poland,93229.0
2011Q3,Portugal,44229.5
2011Q3,Romania,36169.7
2011Q3,Slovenia,9424.5
2011Q3,Slovakia,18774.3
2011Q3,Finland,49074.0
2011Q3,Sweden,99785.5
2011Q3,United Kingdom,469546.5
2011Q3,Iceland,2841.8
2011Q3,Norway,88168.2
2011Q3,Switzerland,137415.6
2011Q3,Montenegro,1056.8
2011Q3,North Macedonia,1932.7
2011Q3,Albania,2313.3
2011Q3,Serbia,9097.6
2011Q3,Turkey,156768.2
2011Q3,Belarus,
2011Q3,Bosnia and Herzegovina,3619.6
2011Q3,Kosovo (under United Nations Security Council Resolution 1244/99),1302.3
2011Q3,Moldova,
2011Q3,Russia,382421.3
2011Q3,Ukraine,
2011Q3,Mauritius,
2011Q3,Rwanda,
2011Q3,Seychelles,
2011Q3,Egypt,
2011Q3,Morocco,
2011Q3,Botswana,
2011Q3,Namibia,
2011Q3,South Africa,76137.2
2011Q3,Cabo Verde,
2011Q3,Nigeria,
2011Q3,Canada,333128.4
2011Q3,United States,2770428.3
2011Q3,Dominican Republic,
2011Q3,Jamaica,
2011Q3,Costa Rica,
2011Q3,El Salvador,
2011Q3,Guatemala,
2011Q3,Honduras,
2011Q3,Mexico,210481.0
2011Q3,Nicaragua,
2011Q3,Argentina,95697.0
2011Q3,Bolivia,
2011Q3,Brazil,482302.4
2011Q3,Chile,
2011Q3,Colombia,
2011Q3,Ecuador,
2011Q3,Paraguay,
2011Q3,Peru,
2011Q3,Uruguay,
2011Q3,Kazakhstan,
2011Q3,Kyrgyzstan,
2011Q3,China including Hong Kong,1396117.1
2011Q3,Hong Kong,45002.5
2011Q3,Macao,
2011Q3,Japan,1120317.0
2011Q3,Mongolia,
2011Q3,South Korea,228361.6
2011Q3,India,313673.8
2011Q3,Iran,
2011Q3,Sri Lanka,
2011Q3,Brunei Darussalam,
2011Q3,Cambodia,
2011Q3,Indonesia,168601.1
2011Q3,Malaysia,54220.0
2011Q3,Philippines,40235.5
2011Q3,Singapore,50975.1
2011Q3,Thailand,66992.5
2011Q3,Armenia,
2011Q3,Azerbaijan,
2011Q3,Bahrain,
2011Q3,Georgia,
2011Q3,Iraq,
2011Q3,Israel,47232.0
2011Q3,Palestine,
2011Q3,Qatar,
2011Q3,Saudi Arabia,
2011Q3,Australia,276717.4
2011Q3,New Zealand,30053.0
2011Q3,Samoa,
2011Q4,European Union - 27 countries (from 2020),2924199.4
2011Q4,European Union - 28 countries (2013-2020),3417441.1
2011Q4,Euro area - 19 countries  (from 2015),2526853.2
2011Q4,Belgium,99300.0
2011Q4,Bulgaria,10719.8
2011Q4,Czechia,42108.2
2011Q4,Denmark,63704.7
2011Q4,Germany (until 1990 former territory of the FRG),691840.0
2011Q4,Estonia,4421.9
2011Q4,Ireland,42064.4
2011Q4,Greece,50575.3
2011Q4,Spain,273070.0
2011Q4,France,528595.0
2011Q4,Croatia,11062.6
2011Q4,Italy,433809.7
2011Q4,Cyprus,5056.5
2011Q4,Latvia,5559.9
2011Q4,Lithuania,8048.3
2011Q4,Luxembourg,11332.0
2011Q4,Hungary,26133.5
2011Q4,Malta,1746.4
2011Q4,Netherlands,165878.0
2011Q4,Austria,81180.2
2011Q4,Poland,99795.9
2011Q4,Portugal,44678.2
2011Q4,Romania,37847.4
2011Q4,Slovenia,9291.4
2011Q4,Slovakia,18408.1
2011Q4,Finland,51997.0
2011Q4,Sweden,105843.5
2011Q4,United Kingdom,493459.5
2011Q4,Iceland,2830.5
2011Q4,Norway,95713.5
2011Q4,Switzerland,133239.7
2011Q4,Montenegro,810.1
2011Q4,North Macedonia,2022.0
2011Q4,Albania,2519.6
2011Q4,Serbia,9551.9
2011Q4,Turkey,156977.4
2011Q4,Belarus,
2011Q4,Bosnia and Herzegovina,3370.3
2011Q4,Kosovo (under United Nations Security Council Resolution 1244/99),1270.9
2011Q4,Moldova,
2011Q4,Russia,401885.1
2011Q4,Ukraine,
2011Q4,Mauritius,
2011Q4,Rwanda,
2011Q4,Seychelles,
2011Q4,Egypt,
2011Q4,Morocco,
2011Q4,Botswana,
2011Q4,Namibia,
2011Q4,South Africa,72314.3
2011Q4,Cabo Verde,
2011Q4,Nigeria,
2011Q4,Canada,335885.6
2011Q4,United States,2966446.4
2011Q4,Dominican Republic,
2011Q4,Jamaica,
2011Q4,Costa Rica,
2011Q4,El Salvador,
2011Q4,Guatemala,
2011Q4,Honduras,
2011Q4,Mexico,214092.6
2011Q4,Nicaragua,
2011Q4,Argentina,101999.3
2011Q4,Bolivia,
2011Q4,Brazil,478880.0
2011Q4,Chile,
2011Q4,Colombia,
2011Q4,Ecuador,
2011Q4,Paraguay,
2011Q4,Peru,
2011Q4,Uruguay,
2011Q4,Kazakhstan,
2011Q4,Kyrgyzstan,
2011Q4,China including Hong Kong,1610747.9
2011Q4,Hong Kong,49471.9
2011Q4,Macao,
2011Q4,Japan,1250802.1
2011Q4,Mongolia,
2011Q4,South Korea,237982.1
2011Q4,India,327547.3
2011Q4,Iran,
2011Q4,Sri Lanka,
2011Q4,Brunei Darussalam,
2011Q4,Cambodia,
2011Q4,Indonesia,166397.2
2011Q4,Malaysia,56066.0
2011Q4,Philippines,48143.2
2011Q4,Singapore,52086.8
2011Q4,Thailand,64213.1
2011Q4,Armenia,
2011Q4,Azerbaijan,
2011Q4,Bahrain,
2011Q4,Georgia,
2011Q4,Iraq,
2011Q4,Israel,48182.5
2011Q4,Palestine,
2011Q4,Qatar,
2011Q4,Saudi Arabia,
2011Q4,Australia,291357.8
2011Q4,New Zealand,32483.7
2011Q4,Samoa,
2012Q1,European Union - 27 countries (from 2020),2765487.5
2012Q1,European Union - 28 countries (2013-2020),3277192.6
2012Q1,Euro area - 19 countries  (from 2015),2406981.5
2012Q1,Belgium,93770.0
2012Q1,Bulgaria,8684.7
2012Q1,Czechia,38418.2
2012Q1,Denmark,61548.5
2012Q1,Germany (until 1990 former territory of the FRG),678510.0
2012Q1,Estonia,4133.9
2012Q1,Ireland,43410.6
2012Q1,Greece,44789.7
2012Q1,Spain,252313.0
2012Q1,France,518898.0
2012Q1,Croatia,9893.0
2012Q1,Italy,388497.0
2012Q1,Cyprus,4714.9
2012Q1,Latvia,4940.3
2012Q1,Lithuania,7496.9
2012Q1,Luxembourg,10729.7
2012Q1,Hungary,21824.7
2012Q1,Malta,1729.9
2012Q1,Netherlands,160917.0
2012Q1,Austria,76233.6
2012Q1,Poland,89254.0
2012Q1,Portugal,41291.7
2012Q1,Romania,26196.1
2012Q1,Slovenia,8777.4
2012Q1,Slovakia,17016.4
2012Q1,Finland,48811.0
2012Q1,Sweden,102661.3
2012Q1,United Kingdom,511938.0
2012Q1,Iceland,2735.8
2012Q1,Norway,100153.7
2012Q1,Switzerland,131669.2
2012Q1,Montenegro,601.4
2012Q1,North Macedonia,1690.7
2012Q1,Albania,2145.7
2012Q1,Serbia,7718.4
2012Q1,Turkey,142527.5
2012Q1,Belarus,
2012Q1,Bosnia and Herzegovina,2974.2
2012Q1,Kosovo (under United Nations Security Council Resolution 1244/99),969.5
2012Q1,Moldova,
2012Q1,Russia,383892.0
2012Q1,Ukraine,
2012Q1,Mauritius,
2012Q1,Rwanda,
2012Q1,Seychelles,
2012Q1,Egypt,
2012Q1,Morocco,
2012Q1,Botswana,
2012Q1,Namibia,
2012Q1,South Africa,76183.4
2012Q1,Cabo Verde,
2012Q1,Nigeria,
2012Q1,Canada,329682.4
2012Q1,United States,3011584.5
2012Q1,Dominican Republic,
2012Q1,Jamaica,
2012Q1,Costa Rica,
2012Q1,El Salvador,
2012Q1,Guatemala,
2012Q1,Honduras,
2012Q1,Mexico,226400.4
2012Q1,Nicaragua,
2012Q1,Argentina,103056.2
2012Q1,Bolivia,
2012Q1,Brazil,487493.6
2012Q1,Chile,
2012Q1,Colombia,
2012Q1,Ecuador,
2012Q1,Paraguay,
2012Q1,Peru,
2012Q1,Uruguay,
2012Q1,Kazakhstan,
2012Q1,Kyrgyzstan,
2012Q1,China including Hong Kong,1419213.5
2012Q1,Hong Kong,47545.2
2012Q1,Macao,
2012Q1,Japan,1207426.7
2012Q1,Mongolia,
2012Q1,South Korea,232388.9
2012Q1,India,367002.1
2012Q1,Iran,
2012Q1,Sri Lanka,
2012Q1,Brunei Darussalam,
2012Q1,Cambodia,
2012Q1,Indonesia,173197.4
2012Q1,Malaysia,58561.9
2012Q1,Philippines,45010.6
2012Q1,Singapore,54969.3
2012Q1,Thailand,74971.2
2012Q1,Armenia,
2012Q1,Azerbaijan,
2012Q1,Bahrain,
2012Q1,Georgia,
2012Q1,Iraq,
2012Q1,Israel,48369.2
2012Q1,Palestine,
2012Q1,Qatar,
2012Q1,Saudi Arabia,
2012Q1,Australia,288278.5
2012Q1,New Zealand,33660.0
2012Q1,Samoa,
2012Q2,European Union - 27 countries (from 2020),2838564.8
2012Q2,European Union - 28 countries (2013-2020),3355529.3
2012Q2,Euro area - 19 countries  (from 2015),2454602.3
2012Q2,Belgium,97361.0
2012Q2,Bulgaria,10352.8
2012Q2,Czechia,40759.9
2012Q2,Denmark,64245.8
2012Q2,Germany (until 1990 former territory of the FRG),672110.0
2012Q2,Estonia,4581.3
2012Q2,Ireland,43658.3
2012Q2,Greece,47583.1
2012Q2,Spain,262527.0
2012Q2,France,522661.0
2012Q2,Croatia,11073.1
2012Q2,Italy,406788.3
2012Q2,Cyprus,4911.0
2012Q2,Latvia,5532.4
2012Q2,Lithuania,8338.6
2012Q2,Luxembourg,11030.7
2012Q2,Hungary,24182.0
2012Q2,Malta,1830.3
2012Q2,Netherlands,166442.0
2012Q2,Austria,79368.4
2012Q2,Poland,93304.4
2012Q2,Portugal,41710.5
2012Q2,Romania,31507.2
2012Q2,Slovenia,9264.5
2012Q2,Slovakia,18368.9
2012Q2,Finland,50536.0
2012Q2,Sweden,108579.0
2012Q2,United Kingdom,517205.4
2012Q2,Iceland,2754.5
2012Q2,Norway,96112.8
2012Q2,Switzerland,134574.6
2012Q2,Montenegro,755.6
2012Q2,North Macedonia,1874.6
2012Q2,Albania,2489.6
2012Q2,Serbia,8315.2
2012Q2,Turkey,166271.0
2012Q2,Belarus,
2012Q2,Bosnia and Herzegovina,3293.4
2012Q2,Kosovo (under United Nations Security Council Resolution 1244/99),1297.6
2012Q2,Moldova,
2012Q2,Russia,412169.4
2012Q2,Ukraine,
2012Q2,Mauritius,
2012Q2,Rwanda,
2012Q2,Seychelles,
2012Q2,Egypt,
2012Q2,Morocco,
2012Q2,Botswana,
2012Q2,Namibia,
2012Q2,South Africa,77804.1
2012Q2,Cabo Verde,
2012Q2,Nigeria,
2012Q2,Canada,345191.5
2012Q2,United States,3149788.5
2012Q2,Dominican Republic,
2012Q2,Jamaica,
2012Q2,Costa Rica,
2012Q2,El Salvador,
2012Q2,Guatemala,
2012Q2,Honduras,
2012Q2,Mexico,226228.7
2012Q2,Nicaragua,
2012Q2,Argentina,116525.7
2012Q2,Bolivia,
2012Q2,Brazil,470110.1
2012Q2,Chile,
2012Q2,Colombia,
2012Q2,Ecuador,
2012Q2,Paraguay,
2012Q2,Peru,
2012Q2,Uruguay,
2012Q2,Kazakhstan,
2012Q2,Kyrgyzstan,
2012Q2,China including Hong Kong,1619822.1
2012Q2,Hong Kong,47653.1
2012Q2,Macao,
2012Q2,Japan,1203327.8
2012Q2,Mongolia,
2012Q2,South Korea,242412.3
2012Q2,India,333431.3
2012Q2,Iran,
2012Q2,Sri Lanka,
2012Q2,Brunei Darussalam,
2012Q2,Cambodia,
2012Q2,Indonesia,181183.5
2012Q2,Malaysia,60024.8
2012Q2,Philippines,50225.8
2012Q2,Singapore,57156.2
2012Q2,Thailand,74647.1
2012Q2,Armenia,
2012Q2,Azerbaijan,
2012Q2,Bahrain,
2012Q2,Georgia,
2012Q2,Iraq,
2012Q2,Israel,50184.8
2012Q2,Palestine,
2012Q2,Qatar,
2012Q2,Saudi Arabia,
2012Q2,Australia,299918.1
2012Q2,New Zealand,33023.2
2012Q2,Samoa,
2012Q3,European Union - 27 countries (from 2020),2837033.9
2012Q3,European Union - 28 countries (2013-2020),3377443.8
2012Q3,Euro area - 19 countries  (from 2015),2442490.3
2012Q3,Belgium,93638.0
2012Q3,Bulgaria,11540.5
2012Q3,Czechia,41072.6
2012Q3,Denmark,63675.0
2012Q3,Germany (until 1990 former territory of the FRG),692940.0
2012Q3,Estonia,4630.0
2012Q3,Ireland,44765.8
2012Q3,Greece,48306.4
2012Q3,Spain,253340.0
2012Q3,France,511976.0
2012Q3,Croatia,12156.1
2012Q3,Italy,401872.2
2012Q3,Cyprus,4922.7
2012Q3,Latvia,5794.0
2012Q3,Lithuania,8978.3
2012Q3,Luxembourg,10678.0
2012Q3,Hungary,26199.8
2012Q3,Malta,1950.1
2012Q3,Netherlands,158404.0
2012Q3,Austria,79558.2
2012Q3,Poland,96900.2
2012Q3,Portugal,42585.5
2012Q3,Romania,35919.0
2012Q3,Slovenia,9209.2
2012Q3,Slovakia,19435.0
2012Q3,Finland,49508.0
2012Q3,Sweden,107150.2
2012Q3,United Kingdom,540630.2
2012Q3,Iceland,3126.9
2012Q3,Norway,96077.1
2012Q3,Switzerland,134795.8
2012Q3,Montenegro,1035.8
2012Q3,North Macedonia,2007.1
2012Q3,Albania,2432.0
2012Q3,Serbia,8432.3
2012Q3,Turkey,189604.2
2012Q3,Belarus,
2012Q3,Bosnia and Herzegovina,3690.7
2012Q3,Kosovo (under United Nations Security Council Resolution 1244/99),1401.3
2012Q3,Moldova,
2012Q3,Russia,443166.1
2012Q3,Ukraine,
2012Q3,Mauritius,
2012Q3,Rwanda,
2012Q3,Seychelles,
2012Q3,Egypt,
2012Q3,Morocco,
2012Q3,Botswana,
2012Q3,Namibia,
2012Q3,South Africa,79843.2
2012Q3,Cabo Verde,
2012Q3,Nigeria,
2012Q3,Canada,380486.9
2012Q3,United States,3256449.4
2012Q3,Dominican Republic,
2012Q3,Jamaica,
2012Q3,Costa Rica,
2012Q3,El Salvador,
2012Q3,Guatemala,
2012Q3,Honduras,
2012Q3,Mexico,239400.4
2012Q3,Nicaragua,
2012Q3,Argentina,117460.3
2012Q3,Bolivia,
2012Q3,Brazil,485212.0
2012Q3,Chile,
2012Q3,Colombia,
2012Q3,Ecuador,
2012Q3,Paraguay,
2012Q3,Peru,
2012Q3,Uruguay,
2012Q3,Kazakhstan,
2012Q3,Kyrgyzstan,
2012Q3,China including Hong Kong,1738944.7
2012Q3,Hong Kong,54015.0
2012Q3,Macao,
2012Q3,Japan,1241229.9
2012Q3,Mongolia,
2012Q3,South Korea,255438.9
2012Q3,India,341733.0
2012Q3,Iran,
2012Q3,Sri Lanka,
2012Q3,Brunei Darussalam,
2012Q3,Cambodia,
2012Q3,Indonesia,187234.5
2012Q3,Malaysia,62825.8
2012Q3,Philippines,51032.3
2012Q3,Singapore,57860.8
2012Q3,Thailand,77843.0
2012Q3,Armenia,
2012Q3,Azerbaijan,
2012Q3,Bahrain,
2012Q3,Georgia,
2012Q3,Iraq,
2012Q3,Israel,50708.0
2012Q3,Palestine,
2012Q3,Qatar,
2012Q3,Saudi Arabia,
2012Q3,Australia,315554.6
2012Q3,New Zealand,33385.1
2012Q3,Samoa,
2012Q4,European Union - 27 countries (from 2020),2947432.1
2012Q4,European Union - 28 countries (2013-2020),3489381.5
2012Q4,Euro area - 19 countries  (from 2015),2530542.8
2012Q4,Belgium,101406.0
2012Q4,Bulgaria,11470.6
2012Q4,Czechia,42320.7
2012Q4,Denmark,65105.6
2012Q4,Germany (until 1990 former territory of the FRG),701750.0
2012Q4,Estonia,4705.6
2012Q4,Ireland,43269.2
2012Q4,Greece,47709.5
2012Q4,Spain,262919.0
2012Q4,France,535270.0
2012Q4,Croatia,10898.1
2012Q4,Italy,427201.2
2012Q4,Cyprus,4892.1
2012Q4,Latvia,5954.3
2012Q4,Lithuania,8596.4
2012Q4,Luxembourg,11673.6
2012Q4,Hungary,27950.0
2012Q4,Malta,1854.1
2012Q4,Netherlands,167203.0
2012Q4,Austria,83492.9
2012Q4,Poland,108788.7
2012Q4,Portugal,42708.0
2012Q4,Romania,38785.9
2012Q4,Slovenia,9002.0
2012Q4,Slovakia,18755.4
2012Q4,Finland,52182.0
2012Q4,Sweden,111629.8
2012Q4,United Kingdom,542131.5
2012Q4,Iceland,2873.6
2012Q4,Norway,104211.1
2012Q4,Switzerland,137422.2
2012Q4,Montenegro,788.7
2012Q4,North Macedonia,2012.2
2012Q4,Albania,2518.5
2012Q4,Serbia,9200.4
2012Q4,Turkey,186043.6
2012Q4,Belarus,
2012Q4,Bosnia and Herzegovina,3449.2
2012Q4,Kosovo (under United Nations Security Council Resolution 1244/99),1390.4
2012Q4,Moldova,
2012Q4,Russia,465655.3
2012Q4,Ukraine,
2012Q4,Mauritius,
2012Q4,Rwanda,
2012Q4,Seychelles,
2012Q4,Egypt,
2012Q4,Morocco,
2012Q4,Botswana,
2012Q4,Namibia,
2012Q4,South Africa,74716.7
2012Q4,Cabo Verde,
2012Q4,Nigeria,
2012Q4,Canada,368753.3
2012Q4,United States,3194316.3
2012Q4,Dominican Republic,
2012Q4,Jamaica,
2012Q4,Costa Rica,
2012Q4,El Salvador,
2012Q4,Guatemala,
2012Q4,Honduras,
2012Q4,Mexico,243977.4
2012Q4,Nicaragua,
2012Q4,Argentina,114613.9
2012Q4,Bolivia,
2012Q4,Brazil,476814.5
2012Q4,Chile,
2012Q4,Colombia,
2012Q4,Ecuador,
2012Q4,Paraguay,
2012Q4,Peru,
2012Q4,Uruguay,
2012Q4,Kazakhstan,
2012Q4,Kyrgyzstan,
2012Q4,China including Hong Kong,1873389.6
2012Q4,Hong Kong,55290.9
2012Q4,Macao,
2012Q4,Japan,1231470.7
2012Q4,Mongolia,
2012Q4,South Korea,265428.0
2012Q4,India,362992.5
2012Q4,Iran,
2012Q4,Sri Lanka,
2012Q4,Brunei Darussalam,
2012Q4,Cambodia,
2012Q4,Indonesia,173863.2
2012Q4,Malaysia,63455.0
2012Q4,Philippines,57974.8
2012Q4,Singapore,59822.6
2012Q4,Thailand,82101.5
2012Q4,Armenia,
2012Q4,Azerbaijan,
2012Q4,Bahrain,
2012Q4,Georgia,
2012Q4,Iraq,
2012Q4,Israel,50933.5
2012Q4,Palestine,
2012Q4,Qatar,
2012Q4,Saudi Arabia,
2012Q4,Australia,317548.9
2012Q4,New Zealand,36013.6
2012Q4,Samoa,
2013Q1,European Union - 27 countries (from 2020),2767064.9
2013Q1,European Union - 28 countries (2013-2020),3283453.5
2013Q1,Euro area - 19 countries  (from 2015),2399143.4
2013Q1,Belgium,94778.0
2013Q1,Bulgaria,8822.9
2013Q1,Czechia,37390.5
2013Q1,Denmark,62242.3
2013Q1,Germany (until 1990 former territory of the FRG),682360.0
2013Q1,Estonia,4451.1
2013Q1,Ireland,43301.6
2013Q1,Greece,42412.3
2013Q1,Spain,246846.0
2013Q1,France,521506.0
2013Q1,Croatia,9957.4
2013Q1,Italy,380087.9
2013Q1,Cyprus,4314.2
2013Q1,Latvia,5086.4
2013Q1,Lithuania,7715.6
2013Q1,Luxembourg,10935.7
2013Q1,Hungary,22502.6
2013Q1,Malta,1841.3
2013Q1,Netherlands,161409.0
2013Q1,Austria,77118.6
2013Q1,Poland,91139.3
2013Q1,Portugal,40736.6
2013Q1,Romania,27634.4
2013Q1,Slovenia,8467.1
2013Q1,Slovakia,17228.5
2013Q1,Finland,48547.0
2013Q1,Sweden,108241.4
2013Q1,United Kingdom,516480.8
2013Q1,Iceland,2829.0
2013Q1,Norway,100684.9
2013Q1,Switzerland,129916.7
2013Q1,Montenegro,637.8
2013Q1,North Macedonia,1771.2
2013Q1,Albania,2229.0
2013Q1,Serbia,8359.0
2013Q1,Turkey,164847.5
2013Q1,Belarus,
2013Q1,Bosnia and Herzegovina,3132.0
2013Q1,Kosovo (under United Nations Security Council Resolution 1244/99),1069.2
2013Q1,Moldova,
2013Q1,Russia,407702.8
2013Q1,Ukraine,
2013Q1,Mauritius,
2013Q1,Rwanda,
2013Q1,Seychelles,
2013Q1,Egypt,
2013Q1,Morocco,
2013Q1,Botswana,
2013Q1,Namibia,
2013Q1,South Africa,71189.5
2013Q1,Cabo Verde,
2013Q1,Nigeria,
2013Q1,Canada,332851.3
2013Q1,United States,3066472.8
2013Q1,Dominican Republic,
2013Q1,Jamaica,
2013Q1,Costa Rica,
2013Q1,El Salvador,
2013Q1,Guatemala,
2013Q1,Honduras,
2013Q1,Mexico,235991.8
2013Q1,Nicaragua,
2013Q1,Argentina,109158.2
2013Q1,Bolivia,
2013Q1,Brazil,470879.1
2013Q1,Chile,
2013Q1,Colombia,
2013Q1,Ecuador,
2013Q1,Paraguay,
2013Q1,Peru,
2013Q1,Uruguay,
2013Q1,Kazakhstan,
2013Q1,Kyrgyzstan,
2013Q1,China including Hong Kong,1574640.2
2013Q1,Hong Kong,49755.0
2013Q1,Macao,
2013Q1,Japan,1022244.7
2013Q1,Mongolia,
2013Q1,South Korea,247984.9
2013Q1,India,380978.1
2013Q1,Iran,
2013Q1,Sri Lanka,
2013Q1,Brunei Darussalam,
2013Q1,Cambodia,
2013Q1,Indonesia,174781.0
2013Q1,Malaysia,59420.1
2013Q1,Philippines,51567.3
2013Q1,Singapore,57371.1
2013Q1,Thailand,83523.2
2013Q1,Armenia,
2013Q1,Azerbaijan,
2013Q1,Bahrain,
2013Q1,Georgia,
2013Q1,Iraq,
2013Q1,Israel,51347.6
2013Q1,Palestine,
2013Q1,Qatar,
2013Q1,Saudi Arabia,
2013Q1,Australia,290567.1
2013Q1,New Zealand,35082.5
2013Q1,Samoa,
2013Q2,European Union - 27 countries (from 2020),2878595.6
2013Q2,European Union - 28 countries (2013-2020),3394380.3
2013Q2,Euro area - 19 countries  (from 2015),2483037.9
2013Q2,Belgium,99134.0
2013Q2,Bulgaria,10187.1
2013Q2,Czechia,40061.6
2013Q2,Denmark,65391.3
2013Q2,Germany (until 1990 former territory of the FRG),692930.0
2013Q2,Estonia,4831.8
2013Q2,Ireland,44368.4
2013Q2,Greece,45463.1
2013Q2,Spain,259228.0
2013Q2,France,531010.0
2013Q2,Croatia,11178.5
2013Q2,Italy,402771.2
2013Q2,Cyprus,4646.7
2013Q2,Latvia,5702.8
2013Q2,Lithuania,8784.3
2013Q2,Luxembourg,11582.0
2013Q2,Hungary,25421.2
2013Q2,Malta,1987.8
2013Q2,Netherlands,168105.0
2013Q2,Austria,80679.3
2013Q2,Poland,95259.0
2013Q2,Portugal,42240.5
2013Q2,Romania,33638.2
2013Q2,Slovenia,9320.2
2013Q2,Slovakia,18607.2
2013Q2,Finland,51645.0
2013Q2,Sweden,114402.2
2013Q2,United Kingdom,515848.4
2013Q2,Iceland,3087.5
2013Q2,Norway,99730.7
2013Q2,Switzerland,134184.5
2013Q2,Montenegro,788.1
2013Q2,North Macedonia,2071.0
2013Q2,Albania,2551.6
2013Q2,Serbia,9080.9
2013Q2,Turkey,185062.0
2013Q2,Belarus,
2013Q2,Bosnia and Herzegovina,3389.8
2013Q2,Kosovo (under United Nations Security Council Resolution 1244/99),1395.7
2013Q2,Moldova,
2013Q2,Russia,423443.9
2013Q2,Ukraine,
2013Q2,Mauritius,
2013Q2,Rwanda,
2013Q2,Seychelles,
2013Q2,Egypt,
2013Q2,Morocco,
2013Q2,Botswana,
2013Q2,Namibia,
2013Q2,South Africa,70792.8
2013Q2,Cabo Verde,
2013Q2,Nigeria,
2013Q2,Canada,344405.3
2013Q2,United States,3187768.3
2013Q2,Dominican Republic,
2013Q2,Jamaica,
2013Q2,Costa Rica,
2013Q2,El Salvador,
2013Q2,Guatemala,
2013Q2,Honduras,
2013Q2,Mexico,248508.1
2013Q2,Nicaragua,
2013Q2,Argentina,123827.2
2013Q2,Bolivia,
2013Q2,Brazil,489953.3
2013Q2,Chile,
2013Q2,Colombia,
2013Q2,Ecuador,
2013Q2,Paraguay,
2013Q2,Peru,
2013Q2,Uruguay,
2013Q2,Kazakhstan,
2013Q2,Kyrgyzstan,
2013Q2,China including Hong Kong,1785591.5
2013Q2,Hong Kong,48565.8
2013Q2,Macao,
2013Q2,Japan,970367.2
2013Q2,Mongolia,
2013Q2,South Korea,254312.3
2013Q2,India,351399.0
2013Q2,Iran,
2013Q2,Sri Lanka,
2013Q2,Brunei Darussalam,
2013Q2,Cambodia,
2013Q2,Indonesia,183235.3
2013Q2,Malaysia,61128.3
2013Q2,Philippines,54814.8
2013Q2,Singapore,58602.9
2013Q2,Thailand,80445.5
2013Q2,Armenia,
2013Q2,Azerbaijan,
2013Q2,Bahrain,
2013Q2,Georgia,
2013Q2,Iraq,
2013Q2,Israel,56048.9
2013Q2,Palestine,
2013Q2,Qatar,
2013Q2,Saudi Arabia,
2013Q2,Australia,295904.7
2013Q2,New Zealand,34522.0
2013Q2,Samoa,
2013Q3,European Union - 27 countries (from 2020),2878047.4
2013Q3,European Union - 28 countries (2013-2020),3397903.8
2013Q3,Euro area - 19 countries  (from 2015),2481841.9
2013Q3,Belgium,95256.0
2013Q3,Bulgaria,11240.9
2013Q3,Czechia,40704.4
2013Q3,Denmark,64651.4
2013Q3,Germany (until 1990 former territory of the FRG),714670.0
2013Q3,Estonia,4868.9
2013Q3,Ireland,46864.1
2013Q3,Greece,46466.7
2013Q3,Spain,251199.0
2013Q3,France,520471.0
2013Q3,Croatia,12002.8
2013Q3,Italy,402442.0
2013Q3,Cyprus,4580.4
2013Q3,Latvia,5994.8
2013Q3,Lithuania,9532.3
2013Q3,Luxembourg,11492.1
2013Q3,Hungary,26234.8
2013Q3,Malta,2114.7
2013Q3,Netherlands,161493.0
2013Q3,Austria,81143.6
2013Q3,Poland,95370.1
2013Q3,Portugal,43458.0
2013Q3,Romania,39440.1
2013Q3,Slovenia,9348.8
2013Q3,Slovakia,19631.4
2013Q3,Finland,50814.0
2013Q3,Sweden,106532.5
2013Q3,United Kingdom,519917.4
2013Q3,Iceland,3171.2
2013Q3,Norway,94849.8
2013Q3,Switzerland,134354.0
2013Q3,Montenegro,1101.9
2013Q3,North Macedonia,2129.4
2013Q3,Albania,2322.9
2013Q3,Serbia,9316.7
2013Q3,Turkey,189630.0
2013Q3,Belarus,
2013Q3,Bosnia and Herzegovina,3719.1
2013Q3,Kosovo (under United Nations Security Council Resolution 1244/99),1466.3
2013Q3,Moldova,
2013Q3,Russia,437470.8
2013Q3,Ukraine,
2013Q3,Mauritius,
2013Q3,Rwanda,
2013Q3,Seychelles,
2013Q3,Egypt,
2013Q3,Morocco,
2013Q3,Botswana,
2013Q3,Namibia,
2013Q3,South Africa,68074.3
2013Q3,Cabo Verde,
2013Q3,Nigeria,
2013Q3,Canada,364071.9
2013Q3,United States,3197715.6
2013Q3,Dominican Republic,
2013Q3,Jamaica,
2013Q3,Costa Rica,
2013Q3,El Salvador,
2013Q3,Guatemala,
2013Q3,Honduras,
2013Q3,Mexico,236887.5
2013Q3,Nicaragua,
2013Q3,Argentina,116348.0
2013Q3,Bolivia,
2013Q3,Brazil,446849.9
2013Q3,Chile,
2013Q3,Colombia,
2013Q3,Ecuador,
2013Q3,Paraguay,
2013Q3,Peru,
2013Q3,Uruguay,
2013Q3,Kazakhstan,
2013Q3,Kyrgyzstan,
2013Q3,China including Hong Kong,1876720.8
2013Q3,Hong Kong,53659.2
2013Q3,Macao,
2013Q3,Japan,958673.5
2013Q3,Mongolia,
2013Q3,South Korea,258597.3
2013Q3,India,326167.7
2013Q3,Iran,
2013Q3,Sri Lanka,
2013Q3,Brunei Darussalam,
2013Q3,Cambodia,
2013Q3,Indonesia,176488.4
2013Q3,Malaysia,60191.4
2013Q3,Philippines,50412.6
2013Q3,Singapore,57176.7
2013Q3,Thailand,76263.3
2013Q3,Armenia,
2013Q3,Azerbaijan,
2013Q3,Bahrain,
2013Q3,Georgia,
2013Q3,Iraq,
2013Q3,Israel,56318.1
2013Q3,Palestine,
2013Q3,Qatar,
2013Q3,Saudi Arabia,
2013Q3,Australia,271338.4
2013Q3,New Zealand,33190.5
2013Q3,Samoa,
2013Q4,European Union - 27 countries (from 2020),2993410.9
2013Q4,European Union - 28 countries (2013-2020),3537719.0
2013Q4,Euro area - 19 countries  (from 2015),2569295.5
2013Q4,Belgium,103712.0
2013Q4,Bulgaria,11652.7
2013Q4,Czechia,41254.5
2013Q4,Denmark,66457.0
2013Q4,Germany (until 1990 former territory of the FRG),721390.0
2013Q4,Estonia,4881.6
2013Q4,Ireland,45082.2
2013Q4,Greece,45274.3
2013Q4,Spain,263075.0
2013Q4,France,544202.0
2013Q4,Croatia,10674.1
2013Q4,Italy,427449.1
2013Q4,Cyprus,4453.7
2013Q4,Latvia,6181.0
2013Q4,Lithuania,9007.4
2013Q4,Luxembourg,12489.7
2013Q4,Hungary,27869.7
2013Q4,Malta,2000.6
2013Q4,Netherlands,169456.0
2013Q4,Austria,84968.7
2013Q4,Poland,110612.8
2013Q4,Portugal,44057.2
2013Q4,Romania,42854.8
2013Q4,Slovenia,9318.3
2013Q4,Slovakia,18981.6
2013Q4,Finland,53315.0
2013Q4,Sweden,112722.4
2013Q4,United Kingdom,544412.1
2013Q4,Iceland,3057.0
2013Q4,Norway,98568.6
2013Q4,Switzerland,138206.0
2013Q4,Montenegro,834.7
2013Q4,North Macedonia,2178.1
2013Q4,Albania,2520.6
2013Q4,Serbia,9667.5
2013Q4,Turkey,179812.7
2013Q4,Belarus,
2013Q4,Bosnia and Herzegovina,3450.9
2013Q4,Kosovo (under United Nations Security Council Resolution 1244/99),1395.4
2013Q4,Moldova,
2013Q4,Russia,453904.7
2013Q4,Ukraine,
2013Q4,Mauritius,
2013Q4,Rwanda,
2013Q4,Seychelles,
2013Q4,Egypt,
2013Q4,Morocco,
2013Q4,Botswana,
2013Q4,Namibia,
2013Q4,South Africa,66517.8
2013Q4,Cabo Verde,
2013Q4,Nigeria,
2013Q4,Canada,348692.1
2013Q4,United States,3186620.1
2013Q4,Dominican Republic,
2013Q4,Jamaica,
2013Q4,Costa Rica,
2013Q4,El Salvador,
2013Q4,Guatemala,
2013Q4,Honduras,
2013Q4,Mexico,238799.1
2013Q4,Nicaragua,
2013Q4,Argentina,111836.0
2013Q4,Bolivia,
2013Q4,Brazil,456917.3
2013Q4,Chile,
2013Q4,Colombia,
2013Q4,Ecuador,
2013Q4,Paraguay,
2013Q4,Peru,
2013Q4,Uruguay,
2013Q4,Kazakhstan,
2013Q4,Kyrgyzstan,
2013Q4,China including Hong Kong,2023718.1
2013Q4,Hong Kong,55461.4
2013Q4,Macao,
2013Q4,Japan,976996.6
2013Q4,Mongolia,
2013Q4,South Korea,271492.7
2013Q4,India,346078.7
2013Q4,Iran,
2013Q4,Sri Lanka,
2013Q4,Brunei Darussalam,
2013Q4,Cambodia,
2013Q4,Indonesia,157948.2
2013Q4,Malaysia,62678.2
2013Q4,Philippines,56767.6
2013Q4,Singapore,58498.1
2013Q4,Thailand,76694.1
2013Q4,Armenia,
2013Q4,Azerbaijan,
2013Q4,Bahrain,
2013Q4,Georgia,
2013Q4,Iraq,
2013Q4,Israel,56758.8
2013Q4,Palestine,
2013Q4,Qatar,
2013Q4,Saudi Arabia,
2013Q4,Australia,283498.8
2013Q4,New Zealand,38020.0
2013Q4,Samoa,
2014Q1,European Union - 27 countries (from 2020),2837449.5
2014Q1,European Union - 28 countries (2013-2020),3398989.8
2014Q1,Euro area - 19 countries  (from 2015),2464086.5
2014Q1,Belgium,97159.0
2014Q1,Bulgaria,8629.8
2014Q1,Czechia,36365.8
2014Q1,Denmark,64267.1
2014Q1,Germany (until 1990 former territory of the FRG),716700.0
2014Q1,Estonia,4660.5
2014Q1,Ireland,46487.0
2014Q1,Greece,41230.8
2014Q1,Spain,248197.0
2014Q1,France,531249.0
2014Q1,Croatia,9691.3
2014Q1,Italy,386498.9
2014Q1,Cyprus,4181.2
2014Q1,Latvia,5292.7
2014Q1,Lithuania,8187.2
2014Q1,Luxembourg,12048.1
2014Q1,Hungary,23454.6
2014Q1,Malta,2035.6
2014Q1,Netherlands,164432.0
2014Q1,Austria,78975.3
2014Q1,Poland,94791.2
2014Q1,Portugal,41069.0
2014Q1,Romania,28770.4
2014Q1,Slovenia,8785.6
2014Q1,Slovakia,17564.9
2014Q1,Finland,49332.0
2014Q1,Sweden,107403.2
2014Q1,United Kingdom,561699.3
2014Q1,Iceland,3007.7
2014Q1,Norway,95253.2
2014Q1,Switzerland,133555.2
2014Q1,Montenegro,663.6
2014Q1,North Macedonia,1957.5
2014Q1,Albania,2244.9
2014Q1,Serbia,8290.9
2014Q1,Turkey,149498.3
2014Q1,Belarus,
2014Q1,Bosnia and Herzegovina,3225.5
2014Q1,Kosovo (under United Nations Security Council Resolution 1244/99),1167.1
2014Q1,Moldova,
2014Q1,Russia,360335.0
2014Q1,Ukraine,
2014Q1,Mauritius,
2014Q1,Rwanda,
2014Q1,Seychelles,
2014Q1,Egypt,
2014Q1,Morocco,
2014Q1,Botswana,
2014Q1,Namibia,
2014Q1,South Africa,61558.6
2014Q1,Cabo Verde,
2014Q1,Nigeria,
2014Q1,Canada,309356.6
2014Q1,United States,3061824.6
2014Q1,Dominican Republic,
2014Q1,Jamaica,
2014Q1,Costa Rica,
2014Q1,El Salvador,
2014Q1,Guatemala,
2014Q1,Honduras,
2014Q1,Mexico,231250.7
2014Q1,Nicaragua,
2014Q1,Argentina,94122.6
2014Q1,Bolivia,
2014Q1,Brazil,427771.6
2014Q1,Chile,
2014Q1,Colombia,
2014Q1,Ecuador,
2014Q1,Paraguay,
2014Q1,Peru,
2014Q1,Uruguay,
2014Q1,Kazakhstan,
2014Q1,Kyrgyzstan,
2014Q1,China including Hong Kong,1684213.2
2014Q1,Hong Kong,50420.7
2014Q1,Macao,
2014Q1,Japan,912603.0
2014Q1,Mongolia,
2014Q1,South Korea,254930.4
2014Q1,India,361893.6
2014Q1,Iran,
2014Q1,Sri Lanka,
2014Q1,Brunei Darussalam,
2014Q1,Cambodia,
2014Q1,Indonesia,154908.7
2014Q1,Malaysia,58866.6
2014Q1,Philippines,49390.2
2014Q1,Singapore,55884.0
2014Q1,Thailand,74285.2
2014Q1,Armenia,
2014Q1,Azerbaijan,
2014Q1,Bahrain,
2014Q1,Georgia,
2014Q1,Iraq,
2014Q1,Israel,56262.4
2014Q1,Palestine,
2014Q1,Qatar,
2014Q1,Saudi Arabia,
2014Q1,Australia,253209.2
2014Q1,New Zealand,36770.5
2014Q1,Samoa,
2014Q2,European Union - 27 countries (from 2020),2932395.6
2014Q2,European Union - 28 countries (2013-2020),3498545.3
2014Q2,Euro area - 19 countries  (from 2015),2530145.8
2014Q2,Belgium,100995.0
2014Q2,Bulgaria,10301.7
2014Q2,Czechia,39665.3
2014Q2,Denmark,66356.9
2014Q2,Germany (until 1990 former territory of the FRG),717360.0
2014Q2,Estonia,5107.7
2014Q2,Ireland,48298.8
2014Q2,Greece,44170.2
2014Q2,Spain,260733.0
2014Q2,France,536560.0
2014Q2,Croatia,11037.4
2014Q2,Italy,405581.9
2014Q2,Cyprus,4412.6
2014Q2,Latvia,5868.8
2014Q2,Lithuania,9209.1
2014Q2,Luxembourg,12124.0
2014Q2,Hungary,26446.9
2014Q2,Malta,2163.9
2014Q2,Netherlands,169898.0
2014Q2,Austria,83235.7
2014Q2,Poland,99925.1
2014Q2,Portugal,43644.1
2014Q2,Romania,35460.3
2014Q2,Slovenia,9659.2
2014Q2,Slovakia,19011.9
2014Q2,Finland,52112.0
2014Q2,Sweden,113086.6
2014Q2,United Kingdom,566315.6
2014Q2,Iceland,3259.3
2014Q2,Norway,93901.7
2014Q2,Switzerland,137788.6
2014Q2,Montenegro,800.4
2014Q2,North Macedonia,2177.7
2014Q2,Albania,2645.9
2014Q2,Serbia,8926.6
2014Q2,Turkey,169178.6
2014Q2,Belarus,
2014Q2,Bosnia and Herzegovina,3377.5
2014Q2,Kosovo (under United Nations Security Council Resolution 1244/99),1403.7
2014Q2,Moldova,
2014Q2,Russia,397238.1
2014Q2,Ukraine,
2014Q2,Mauritius,
2014Q2,Rwanda,
2014Q2,Seychelles,
2014Q2,Egypt,
2014Q2,Morocco,
2014Q2,Botswana,
2014Q2,Namibia,
2014Q2,South Africa,64997.4
2014Q2,Cabo Verde,
2014Q2,Nigeria,
2014Q2,Canada,327080.3
2014Q2,United States,3176608.6
2014Q2,Dominican Republic,
2014Q2,Jamaica,
2014Q2,Costa Rica,
2014Q2,El Salvador,
2014Q2,Guatemala,
2014Q2,Honduras,
2014Q2,Mexico,244536.4
2014Q2,Nicaragua,
2014Q2,Argentina,106469.5
2014Q2,Bolivia,
2014Q2,Brazil,465068.8
2014Q2,Chile,
2014Q2,Colombia,
2014Q2,Ecuador,
2014Q2,Paraguay,
2014Q2,Peru,
2014Q2,Uruguay,
2014Q2,Kazakhstan,
2014Q2,Kyrgyzstan,
2014Q2,China including Hong Kong,1831615.9
2014Q2,Hong Kong,49502.2
2014Q2,Macao,
2014Q2,Japan,912743.6
2014Q2,Mongolia,
2014Q2,South Korea,275423.1
2014Q2,India,355510.9
2014Q2,Iran,
2014Q2,Sri Lanka,
2014Q2,Brunei Darussalam,
2014Q2,Cambodia,
2014Q2,Indonesia,164348.4
2014Q2,Malaysia,61410.8
2014Q2,Philippines,54523.8
2014Q2,Singapore,57248.2
2014Q2,Thailand,72855.9
2014Q2,Armenia,
2014Q2,Azerbaijan,
2014Q2,Bahrain,
2014Q2,Georgia,
2014Q2,Iraq,
2014Q2,Israel,57698.5
2014Q2,Palestine,
2014Q2,Qatar,
2014Q2,Saudi Arabia,
2014Q2,Australia,274573.8
2014Q2,New Zealand,37128.1
2014Q2,Samoa,
2014Q3,European Union - 27 countries (from 2020),2943578.7
2014Q3,European Union - 28 countries (2013-2020),3527384.7
2014Q3,Euro area - 19 countries  (from 2015),2537524.6
2014Q3,Belgium,98215.0
2014Q3,Bulgaria,11907.1
2014Q3,Czechia,40425.1
2014Q3,Denmark,66242.4
2014Q3,Germany (until 1990 former territory of the FRG),740720.0
2014Q3,Estonia,5098.2
2014Q3,Ireland,50599.6
2014Q3,Greece,46620.1
2014Q3,Spain,254780.0
2014Q3,France,528508.0
2014Q3,Croatia,11965.9
2014Q3,Italy,404925.3
2014Q3,Cyprus,4485.6
2014Q3,Latvia,6153.3
2014Q3,Lithuania,9899.8
2014Q3,Luxembourg,12307.2
2014Q3,Hungary,27159.7
2014Q3,Malta,2301.9
2014Q3,Netherlands,163863.0
2014Q3,Austria,83365.8
2014Q3,Poland,101360.1
2014Q3,Portugal,44390.5
2014Q3,Romania,41793.7
2014Q3,Slovenia,9687.9
2014Q3,Slovakia,20145.5
2014Q3,Finland,51458.0
2014Q3,Sweden,105239.9
2014Q3,United Kingdom,583906.1
2014Q3,Iceland,3638.5
2014Q3,Norway,92227.8
2014Q3,Switzerland,139199.2
2014Q3,Montenegro,1125.0
2014Q3,North Macedonia,2179.0
2014Q3,Albania,2495.0
2014Q3,Serbia,8966.4
2014Q3,Turkey,192281.5
2014Q3,Belarus,
2014Q3,Bosnia and Herzegovina,3728.4
2014Q3,Kosovo (under United Nations Security Council Resolution 1244/99),1548.2
2014Q3,Moldova,
2014Q3,Russia,427480.9
2014Q3,Ukraine,
2014Q3,Mauritius,
2014Q3,Rwanda,
2014Q3,Seychelles,
2014Q3,Egypt,
2014Q3,Morocco,
2014Q3,Botswana,
2014Q3,Namibia,
2014Q3,South Africa,67670.4
2014Q3,Cabo Verde,
2014Q3,Nigeria,
2014Q3,Canada,363673.6
2014Q3,United States,3356940.3
2014Q3,Dominican Republic,
2014Q3,Jamaica,
2014Q3,Costa Rica,
2014Q3,El Salvador,
2014Q3,Guatemala,
2014Q3,Honduras,
2014Q3,Mexico,251050.3
2014Q3,Nicaragua,
2014Q3,Argentina,106655.5
2014Q3,Bolivia,
2014Q3,Brazil,485159.8
2014Q3,Chile,
2014Q3,Colombia,
2014Q3,Ecuador,
2014Q3,Paraguay,
2014Q3,Peru,
2014Q3,Uruguay,
2014Q3,Kazakhstan,
2014Q3,Kyrgyzstan,
2014Q3,China including Hong Kong,2024673.9
2014Q3,Hong Kong,56527.1
2014Q3,Macao,
2014Q3,Japan,920312.9
2014Q3,Mongolia,
2014Q3,South Korea,289049.6
2014Q3,India,380234.9
2014Q3,Iran,
2014Q3,Sri Lanka,
2014Q3,Brunei Darussalam,
2014Q3,Cambodia,
2014Q3,Indonesia,176209.7
2014Q3,Malaysia,65865.4
2014Q3,Philippines,54662.5
2014Q3,Singapore,60024.5
2014Q3,Thailand,76540.7
2014Q3,Armenia,
2014Q3,Azerbaijan,
2014Q3,Bahrain,
2014Q3,Georgia,
2014Q3,Iraq,
2014Q3,Israel,59425.5
2014Q3,Palestine,
2014Q3,Qatar,
2014Q3,Saudi Arabia,
2014Q3,Australia,280619.9
2014Q3,New Zealand,36752.9
2014Q3,Samoa,
2014Q4,European Union - 27 countries (from 2020),3068216.1
2014Q4,European Union - 28 countries (2013-2020),3667800.4
2014Q4,Euro area - 19 countries  (from 2015),2635444.4
2014Q4,Belgium,106635.0
2014Q4,Bulgaria,12051.7
2014Q4,Czechia,41355.8
2014Q4,Denmark,68891.5
2014Q4,Germany (until 1990 former territory of the FRG),752650.0
2014Q4,Estonia,5313.6
2014Q4,Ireland,49762.7
2014Q4,Greece,45328.3
2014Q4,Spain,268448.0
2014Q4,France,553448.0
2014Q4,Croatia,10710.0
2014Q4,Italy,430399.5
2014Q4,Cyprus,4350.8
2014Q4,Latvia,6299.1
2014Q4,Lithuania,9285.2
2014Q4,Luxembourg,13345.0
2014Q4,Hungary,29005.6
2014Q4,Malta,2249.7
2014Q4,Netherlands,173367.0
2014Q4,Austria,87569.3
2014Q4,Poland,112823.8
2014Q4,Portugal,43950.1
2014Q4,Romania,44824.9
2014Q4,Slovenia,9501.5
2014Q4,Slovakia,19547.6
2014Q4,Finland,53995.0
2014Q4,Sweden,113148.6
2014Q4,United Kingdom,599559.0
2014Q4,Iceland,3573.1
2014Q4,Norway,94558.6
2014Q4,Switzerland,143424.6
2014Q4,Montenegro,868.8
2014Q4,North Macedonia,2247.8
2014Q4,Albania,2583.5
2014Q4,Serbia,9283.3
2014Q4,Turkey,197852.6
2014Q4,Belarus,
2014Q4,Bosnia and Herzegovina,3656.9
2014Q4,Kosovo (under United Nations Security Council Resolution 1244/99),1448.3
2014Q4,Moldova,
2014Q4,Russia,370595.0
2014Q4,Ukraine,
2014Q4,Mauritius,
2014Q4,Rwanda,
2014Q4,Seychelles,
2014Q4,Egypt,
2014Q4,Morocco,
2014Q4,Botswana,
2014Q4,Namibia,
2014Q4,South Africa,70186.6
2014Q4,Cabo Verde,
2014Q4,Nigeria,
2014Q4,Canada,362281.9
2014Q4,United States,3623279.7
2014Q4,Dominican Republic,
2014Q4,Jamaica,
2014Q4,Costa Rica,
2014Q4,El Salvador,
2014Q4,Guatemala,
2014Q4,Honduras,
2014Q4,Mexico,264044.8
2014Q4,Nicaragua,
2014Q4,Argentina,117800.3
2014Q4,Bolivia,
2014Q4,Brazil,475006.9
2014Q4,Chile,
2014Q4,Colombia,
2014Q4,Ecuador,
2014Q4,Paraguay,
2014Q4,Peru,
2014Q4,Uruguay,
2014Q4,Kazakhstan,
2014Q4,Kyrgyzstan,
2014Q4,China including Hong Kong,2353807.4
2014Q4,Hong Kong,63665.0
2014Q4,Macao,
2014Q4,Japan,951029.1
2014Q4,Mongolia,
2014Q4,South Korea,299998.5
2014Q4,India,411518.3
2014Q4,Iran,
2014Q4,Sri Lanka,
2014Q4,Brunei Darussalam,
2014Q4,Cambodia,
2014Q4,Indonesia,176197.0
2014Q4,Malaysia,68863.0
2014Q4,Philippines,66039.1
2014Q4,Singapore,64244.7
2014Q4,Thailand,83357.8
2014Q4,Armenia,
2014Q4,Azerbaijan,
2014Q4,Bahrain,
2014Q4,Georgia,
2014Q4,Iraq,
2014Q4,Israel,60390.4
2014Q4,Palestine,
2014Q4,Qatar,
2014Q4,Saudi Arabia,
2014Q4,Australia,288815.4
2014Q4,New Zealand,39924.9
2014Q4,Samoa,
2015Q1,European Union - 27 countries (from 2020),2924983.3
2015Q1,European Union - 28 countries (2013-2020),3565343.6
2015Q1,Euro area - 19 countries  (from 2015),2537821.2
2015Q1,Belgium,100109.0
2015Q1,Bulgaria,9329.2
2015Q1,Czechia,38610.6
2015Q1,Denmark,66557.2
2015Q1,Germany (until 1990 former territory of the FRG),737210.0
2015Q1,Estonia,4767.0
2015Q1,Ireland,63269.9
2015Q1,Greece,40992.3
2015Q1,Spain,257233.0
2015Q1,France,543050.0
2015Q1,Croatia,9809.1
2015Q1,Italy,389770.9
2015Q1,Cyprus,4209.4
2015Q1,Latvia,5469.6
2015Q1,Lithuania,8212.0
2015Q1,Luxembourg,12713.8
2015Q1,Hungary,24816.3
2015Q1,Malta,2325.6
2015Q1,Netherlands,166535.0
2015Q1,Austria,81812.4
2015Q1,Poland,98938.8
2015Q1,Portugal,42849.1
2015Q1,Romania,31406.6
2015Q1,Slovenia,9046.1
2015Q1,Slovakia,18230.8
2015Q1,Finland,50015.0
2015Q1,Sweden,107722.4
2015Q1,United Kingdom,640119.2
2015Q1,Iceland,3599.5
2015Q1,Norway,89165.3
2015Q1,Switzerland,153565.8
2015Q1,Montenegro,686.3
2015Q1,North Macedonia,2086.6
2015Q1,Albania,2273.1
2015Q1,Serbia,8039.3
2015Q1,Turkey,180474.1
2015Q1,Belarus,
2015Q1,Bosnia and Herzegovina,3283.2
2015Q1,Kosovo (under United Nations Security Council Resolution 1244/99),1201.0
2015Q1,Moldova,
2015Q1,Russia,260255.1
2015Q1,Ukraine,
2015Q1,Mauritius,
2015Q1,Rwanda,
2015Q1,Seychelles,
2015Q1,Egypt,
2015Q1,Morocco,
2015Q1,Botswana,
2015Q1,Namibia,
2015Q1,South Africa,73793.9
2015Q1,Cabo Verde,
2015Q1,Nigeria,
2015Q1,Canada,338453.1
2015Q1,United States,3901477.7
2015Q1,Dominican Republic,
2015Q1,Jamaica,
2015Q1,Costa Rica,
2015Q1,El Salvador,
2015Q1,Guatemala,
2015Q1,Honduras,
2015Q1,Mexico,264148.6
2015Q1,Nicaragua,
2015Q1,Argentina,130219.9
2015Q1,Bolivia,
2015Q1,Brazil,451877.1
2015Q1,Chile,
2015Q1,Colombia,
2015Q1,Ecuador,
2015Q1,Paraguay,
2015Q1,Peru,
2015Q1,Uruguay,
2015Q1,Kazakhstan,
2015Q1,Kyrgyzstan,
2015Q1,China including Hong Kong,2152011.2
2015Q1,Hong Kong,65510.3
2015Q1,Macao,
2015Q1,Japan,992408.3
2015Q1,Mongolia,
2015Q1,South Korea,317921.1
2015Q1,India,472938.1
2015Q1,Iran,
2015Q1,Sri Lanka,
2015Q1,Brunei Darussalam,
2015Q1,Cambodia,
2015Q1,Indonesia,189205.8
2015Q1,Malaysia,68110.0
2015Q1,Philippines,64043.3
2015Q1,Singapore,67612.8
2015Q1,Thailand,93342.4
2015Q1,Armenia,
2015Q1,Azerbaijan,
2015Q1,Bahrain,
2015Q1,Georgia,
2015Q1,Iraq,
2015Q1,Israel,64469.2
2015Q1,Palestine,
2015Q1,Qatar,
2015Q1,Saudi Arabia,
2015Q1,Australia,274072.5
2015Q1,New Zealand,41393.8
2015Q1,Samoa,
2015Q2,European Union - 27 countries (from 2020),3040359.7
2015Q2,European Union - 28 countries (2013-2020),3702221.6
2015Q2,Euro area - 19 countries  (from 2015),2618155.0
2015Q2,Belgium,104882.0
2015Q2,Bulgaria,11309.7
2015Q2,Czechia,42489.7
2015Q2,Denmark,68815.9
2015Q2,Germany (until 1990 former territory of the FRG),741980.0
2015Q2,Estonia,5280.9
2015Q2,Ireland,62956.1
2015Q2,Greece,44067.1
2015Q2,Spain,272132.0
2015Q2,France,549149.0
2015Q2,Croatia,11303.6
2015Q2,Italy,412552.4
2015Q2,Cyprus,4509.2
2015Q2,Latvia,6150.8
2015Q2,Lithuania,9366.9
2015Q2,Luxembourg,13005.4
2015Q2,Hungary,27930.9
2015Q2,Malta,2490.1
2015Q2,Netherlands,175441.0
2015Q2,Austria,85599.7
2015Q2,Poland,106300.5
2015Q2,Portugal,45445.4
2015Q2,Romania,36637.8
2015Q2,Slovenia,9852.7
2015Q2,Slovakia,19856.3
2015Q2,Finland,53438.0
2015Q2,Sweden,117436.1
2015Q2,United Kingdom,661665.6
2015Q2,Iceland,3928.3
2015Q2,Norway,91024.4
2015Q2,Switzerland,161738.2
2015Q2,Montenegro,859.3
2015Q2,North Macedonia,2252.5
2015Q2,Albania,2728.3
2015Q2,Serbia,8932.4
2015Q2,Turkey,191677.5
2015Q2,Belarus,
2015Q2,Bosnia and Herzegovina,3600.6
2015Q2,Kosovo (under United Nations Security Council Resolution 1244/99),1459.6
2015Q2,Moldova,
2015Q2,Russia,339255.5
2015Q2,Ukraine,
2015Q2,Mauritius,
2015Q2,Rwanda,
2015Q2,Seychelles,
2015Q2,Egypt,
2015Q2,Morocco,
2015Q2,Botswana,
2015Q2,Namibia,
2015Q2,South Africa,75131.4
2015Q2,Cabo Verde,
2015Q2,Nigeria,
2015Q2,Canada,358468.4
2015Q2,United States,4129557.6
2015Q2,Dominican Republic,
2015Q2,Jamaica,
2015Q2,Costa Rica,
2015Q2,El Salvador,
2015Q2,Guatemala,
2015Q2,Honduras,
2015Q2,Mexico,272871.0
2015Q2,Nicaragua,
2015Q2,Argentina,150242.9
2015Q2,Bolivia,
2015Q2,Brazil,435531.9
2015Q2,Chile,
2015Q2,Colombia,
2015Q2,Ecuador,
2015Q2,Paraguay,
2015Q2,Peru,
2015Q2,Uruguay,
2015Q2,Kazakhstan,
2015Q2,Kyrgyzstan,
2015Q2,China including Hong Kong,2457996.0
2015Q2,Hong Kong,66029.0
2015Q2,Macao,
2015Q2,Japan,989625.4
2015Q2,Mongolia,
2015Q2,South Korea,338796.3
2015Q2,India,462288.9
2015Q2,Iran,
2015Q2,Sri Lanka,
2015Q2,Brunei Darussalam,
2015Q2,Cambodia,
2015Q2,Indonesia,197516.2
2015Q2,Malaysia,70110.2
2015Q2,Philippines,70716.7
2015Q2,Singapore,70351.4
2015Q2,Thailand,90576.8
2015Q2,Armenia,
2015Q2,Azerbaijan,
2015Q2,Bahrain,
2015Q2,Georgia,
2015Q2,Iraq,
2015Q2,Israel,67836.9
2015Q2,Palestine,
2015Q2,Qatar,
2015Q2,Saudi Arabia,
2015Q2,Australia,287690.0
2015Q2,New Zealand,40927.1
2015Q2,Samoa,
2015Q3,European Union - 27 countries (from 2020),3052864.2
2015Q3,European Union - 28 countries (2013-2020),3718692.6
2015Q3,Euro area - 19 countries  (from 2015),2628468.2
2015Q3,Belgium,101419.0
2015Q3,Bulgaria,12308.4
2015Q3,Czechia,43736.1
2015Q3,Denmark,67793.9
2015Q3,Germany (until 1990 former territory of the FRG),765670.0
2015Q3,Estonia,5295.4
2015Q3,Ireland,67917.0
2015Q3,Greece,45484.9
2015Q3,Spain,266375.0
2015Q3,France,540348.0
2015Q3,Croatia,12483.6
2015Q3,Italy,413474.7
2015Q3,Cyprus,4583.9
2015Q3,Latvia,6450.6
2015Q3,Lithuania,10131.1
2015Q3,Luxembourg,12454.8
2015Q3,Hungary,28690.0
2015Q3,Malta,2622.7
2015Q3,Netherlands,170501.0
2015Q3,Austria,86296.7
2015Q3,Poland,105300.2
2015Q3,Portugal,45983.1
2015Q3,Romania,44556.9
2015Q3,Slovenia,9975.6
2015Q3,Slovakia,21047.6
2015Q3,Finland,52437.0
2015Q3,Sweden,109537.3
2015Q3,United Kingdom,665909.2
2015Q3,Iceland,4138.7
2015Q3,Norway,83484.9
2015Q3,Switzerland,157998.0
2015Q3,Montenegro,1189.2
2015Q3,North Macedonia,2330.5
2015Q3,Albania,2579.3
2015Q3,Serbia,9145.8
2015Q3,Turkey,199800.1
2015Q3,Belarus,
2015Q3,Bosnia and Herzegovina,3948.9
2015Q3,Kosovo (under United Nations Security Council Resolution 1244/99),1616.8
2015Q3,Moldova,
2015Q3,Russia,309922.7
2015Q3,Ukraine,
2015Q3,Mauritius,
2015Q3,Rwanda,
2015Q3,Seychelles,
2015Q3,Egypt,
2015Q3,Morocco,
2015Q3,Botswana,
2015Q3,Namibia,
2015Q3,South Africa,70700.2
2015Q3,Cabo Verde,
2015Q3,Nigeria,
2015Q3,Canada,358729.0
2015Q3,United States,4151168.5
2015Q3,Dominican Republic,
2015Q3,Jamaica,
2015Q3,Costa Rica,
2015Q3,El Salvador,
2015Q3,Guatemala,
2015Q3,Honduras,
2015Q3,Mexico,255775.7
2015Q3,Nicaragua,
2015Q3,Argentina,151272.9
2015Q3,Bolivia,
2015Q3,Brazil,383382.6
2015Q3,Chile,
2015Q3,Colombia,
2015Q3,Ecuador,
2015Q3,Paraguay,
2015Q3,Peru,
2015Q3,Uruguay,
2015Q3,Kazakhstan,
2015Q3,Kyrgyzstan,
2015Q3,China including Hong Kong,2519836.5
2015Q3,Hong Kong,71283.6
2015Q3,Macao,
2015Q3,Japan,971391.1
2015Q3,Mongolia,
2015Q3,South Korea,323538.4
2015Q3,India,464555.6
2015Q3,Iran,
2015Q3,Sri Lanka,
2015Q3,Brunei Darussalam,
2015Q3,Cambodia,
2015Q3,Indonesia,194040.2
2015Q3,Malaysia,64929.6
2015Q3,Philippines,64995.9
2015Q3,Singapore,68712.4
2015Q3,Thailand,87170.8
2015Q3,Armenia,
2015Q3,Azerbaijan,
2015Q3,Bahrain,
2015Q3,Georgia,
2015Q3,Iraq,
2015Q3,Israel,67707.8
2015Q3,Palestine,
2015Q3,Qatar,
2015Q3,Saudi Arabia,
2015Q3,Australia,268286.5
2015Q3,New Zealand,35654.9
2015Q3,Samoa,
2015Q4,European Union - 27 countries (from 2020),3193335.8
2015Q4,European Union - 28 countries (2013-2020),3870001.5
2015Q4,Euro area - 19 countries  (from 2015),2735408.4
2015Q4,Belgium,110292.0
2015Q4,Bulgaria,12743.7
2015Q4,Czechia,44769.2
2015Q4,Denmark,69849.9
2015Q4,Germany (until 1990 former territory of the FRG),781320.0
2015Q4,Estonia,5438.9
2015Q4,Ireland,68710.2
2015Q4,Greece,45565.9
2015Q4,Spain,281850.0
2015Q4,France,565885.0
2015Q4,Croatia,11033.6
2015Q4,Italy,439557.0
2015Q4,Cyprus,4581.3
2015Q4,Latvia,6489.9
2015Q4,Lithuania,9635.7
2015Q4,Luxembourg,13891.8
2015Q4,Hungary,31242.5
2015Q4,Malta,2558.3
2015Q4,Netherlands,177531.0
2015Q4,Austria,90560.5
2015Q4,Poland,119792.4
2015Q4,Portugal,45435.6
2015Q4,Romania,47551.7
2015Q4,Slovenia,9978.1
2015Q4,Slovakia,20632.9
2015Q4,Finland,55495.0
2015Q4,Sweden,120947.4
2015Q4,United Kingdom,677282.1
2015Q4,Iceland,4139.9
2015Q4,Norway,84626.2
2015Q4,Switzerland,159745.3
2015Q4,Montenegro,919.7
2015Q4,North Macedonia,2402.6
2015Q4,Albania,2684.6
2015Q4,Serbia,9623.8
2015Q4,Turkey,203962.6
2015Q4,Belarus,
2015Q4,Bosnia and Herzegovina,3784.7
2015Q4,Kosovo (under United Nations Security Council Resolution 1244/99),1529.5
2015Q4,Moldova,
2015Q4,Russia,318759.9
2015Q4,Ukraine,
2015Q4,Mauritius,
2015Q4,Rwanda,
2015Q4,Seychelles,
2015Q4,Egypt,
2015Q4,Morocco,
2015Q4,Botswana,
2015Q4,Namibia,
2015Q4,South Africa,67272.1
2015Q4,Cabo Verde,
2015Q4,Nigeria,
2015Q4,Canada,348487.5
2015Q4,United States,4259648.5
2015Q4,Dominican Republic,
2015Q4,Jamaica,
2015Q4,Costa Rica,
2015Q4,El Salvador,
2015Q4,Guatemala,
2015Q4,Honduras,
2015Q4,Mexico,263150.2
2015Q4,Nicaragua,
2015Q4,Argentina,148674.4
2015Q4,Bolivia,
2015Q4,Brazil,368054.7
2015Q4,Chile,
2015Q4,Colombia,
2015Q4,Ecuador,
2015Q4,Paraguay,
2015Q4,Peru,
2015Q4,Uruguay,
2015Q4,Kazakhstan,
2015Q4,Kyrgyzstan,
2015Q4,China including Hong Kong,2750923.5
2015Q4,Hong Kong,76113.4
2015Q4,Macao,
2015Q4,Japan,1053482.5
2015Q4,Mongolia,
2015Q4,South Korea,340344.0
2015Q4,India,481550.7
2015Q4,Iran,
2015Q4,Sri Lanka,
2015Q4,Brunei Darussalam,
2015Q4,Cambodia,
2015Q4,Indonesia,194782.8
2015Q4,Malaysia,64857.8
2015Q4,Philippines,76283.4
2015Q4,Singapore,71020.8
2015Q4,Thailand,90775.4
2015Q4,Armenia,
2015Q4,Azerbaijan,
2015Q4,Bahrain,
2015Q4,Georgia,
2015Q4,Iraq,
2015Q4,Israel,70597.4
2015Q4,Palestine,
2015Q4,Qatar,
2015Q4,Saudi Arabia,
2015Q4,Australia,281598.2
2015Q4,New Zealand,40583.6
2015Q4,Samoa,
2016Q1,European Union - 27 countries (from 2020),3011000.4
2016Q1,European Union - 28 countries (2013-2020),3649565.4
2016Q1,Euro area - 19 countries  (from 2015),2612759.6
2016Q1,Belgium,102431.0
2016Q1,Bulgaria,10037.8
2016Q1,Czechia,41233.8
2016Q1,Denmark,67657.8
2016Q1,Germany (until 1990 former territory of the FRG),762950.0
2016Q1,Estonia,5117.8
2016Q1,Ireland,64559.7
2016Q1,Greece,39975.0
2016Q1,Spain,265844.0
2016Q1,France,554013.0
2016Q1,Croatia,10184.0
2016Q1,Italy,401963.9
2016Q1,Cyprus,4405.6
2016Q1,Latvia,5653.9
2016Q1,Lithuania,8564.7
2016Q1,Luxembourg,13170.7
2016Q1,Hungary,25410.7
2016Q1,Malta,2481.3
2016Q1,Netherlands,171335.0
2016Q1,Austria,86018.2
2016Q1,Poland,98600.6
2016Q1,Portugal,44688.0
2016Q1,Romania,32716.8
2016Q1,Slovenia,9392.4
2016Q1,Slovakia,18645.6
2016Q1,Finland,51549.0
2016Q1,Sweden,112392.3
2016Q1,United Kingdom,639943.1
2016Q1,Iceland,4000.9
2016Q1,Norway,78607.1
2016Q1,Switzerland,152298.8
2016Q1,Montenegro,729.5
2016Q1,North Macedonia,2200.1
2016Q1,Albania,2407.8
2016Q1,Serbia,8360.4
2016Q1,Turkey,174912.7
2016Q1,Belarus,
2016Q1,Bosnia and Herzegovina,3448.7
2016Q1,Kosovo (under United Nations Security Council Resolution 1244/99),1259.0
2016Q1,Moldova,
2016Q1,Russia,229047.7
2016Q1,Ukraine,
2016Q1,Mauritius,
2016Q1,Rwanda,
2016Q1,Seychelles,
2016Q1,Egypt,
2016Q1,Morocco,
2016Q1,Botswana,
2016Q1,Namibia,
2016Q1,South Africa,60210.6
2016Q1,Cabo Verde,
2016Q1,Nigeria,
2016Q1,Canada,313718.4
2016Q1,United States,4083426.5
2016Q1,Dominican Republic,
2016Q1,Jamaica,
2016Q1,Costa Rica,
2016Q1,El Salvador,
2016Q1,Guatemala,
2016Q1,Honduras,
2016Q1,Mexico,238371.5
2016Q1,Nicaragua,
2016Q1,Argentina,109972.3
2016Q1,Bolivia,
2016Q1,Brazil,348557.4
2016Q1,Chile,
2016Q1,Colombia,
2016Q1,Ecuador,
2016Q1,Paraguay,
2016Q1,Peru,
2016Q1,Uruguay,
2016Q1,Kazakhstan,
2016Q1,Kyrgyzstan,
2016Q1,China including Hong Kong,2252534.6
2016Q1,Hong Kong,68923.4
2016Q1,Macao,
2016Q1,Japan,1069360.6
2016Q1,Mongolia,
2016Q1,South Korea,312217.9
2016Q1,India,496568.9
2016Q1,Iran,
2016Q1,Sri Lanka,
2016Q1,Brunei Darussalam,
2016Q1,Cambodia,
2016Q1,Indonesia,196699.9
2016Q1,Malaysia,62931.7
2016Q1,Philippines,66019.8
2016Q1,Singapore,68543.9
2016Q1,Thailand,91611.8
2016Q1,Armenia,
2016Q1,Azerbaijan,
2016Q1,Bahrain,
2016Q1,Georgia,
2016Q1,Iraq,
2016Q1,Israel,69118.9
2016Q1,Palestine,
2016Q1,Qatar,
2016Q1,Saudi Arabia,
2016Q1,Australia,260669.6
2016Q1,New Zealand,39546.4
2016Q1,Samoa,
2016Q2,European Union - 27 countries (from 2020),3141288.1
2016Q2,European Union - 28 countries (2013-2020),3770489.3
2016Q2,Euro area - 19 countries  (from 2015),2706813.3
2016Q2,Belgium,108919.0
2016Q2,Bulgaria,11727.7
2016Q2,Czechia,44936.2
2016Q2,Denmark,71792.7
2016Q2,Germany (until 1990 former territory of the FRG),779080.0
2016Q2,Estonia,5492.4
2016Q2,Ireland,63418.9
2016Q2,Greece,43744.0
2016Q2,Spain,281788.0
2016Q2,France,561664.0
2016Q2,Croatia,11721.9
2016Q2,Italy,423978.7
2016Q2,Cyprus,4732.5
2016Q2,Latvia,6333.6
2016Q2,Lithuania,9742.8
2016Q2,Luxembourg,13532.7
2016Q2,Hungary,28810.4
2016Q2,Malta,2627.4
2016Q2,Netherlands,179918.0
2016Q2,Austria,89349.8
2016Q2,Poland,103159.3
2016Q2,Portugal,47011.7
2016Q2,Romania,39832.9
2016Q2,Slovenia,10295.1
2016Q2,Slovakia,20288.5
2016Q2,Finland,54896.0
2016Q2,Sweden,122485.6
2016Q2,United Kingdom,630990.9
2016Q2,Iceland,4434.0
2016Q2,Norway,83657.4
2016Q2,Switzerland,156723.5
2016Q2,Montenegro,920.5
2016Q2,North Macedonia,2367.2
2016Q2,Albania,2787.3
2016Q2,Serbia,9124.8
2016Q2,Turkey,194311.9
2016Q2,Belarus,
2016Q2,Bosnia and Herzegovina,3719.6
2016Q2,Kosovo (under United Nations Security Council Resolution 1244/99),1531.7
2016Q2,Moldova,
2016Q2,Russia,275136.7
2016Q2,Ukraine,
2016Q2,Mauritius,
2016Q2,Rwanda,
2016Q2,Seychelles,
2016Q2,Egypt,
2016Q2,Morocco,
2016Q2,Botswana,
2016Q2,Namibia,
2016Q2,South Africa,63913.8
2016Q2,Cabo Verde,
2016Q2,Nigeria,
2016Q2,Canada,336958.9
2016Q2,United States,4142105.9
2016Q2,Dominican Republic,
2016Q2,Jamaica,
2016Q2,Costa Rica,
2016Q2,El Salvador,
2016Q2,Guatemala,
2016Q2,Honduras,
2016Q2,Mexico,244486.9
2016Q2,Nicaragua,
2016Q2,Argentina,131038.5
2016Q2,Bolivia,
2016Q2,Brazil,393376.9
2016Q2,Chile,
2016Q2,Colombia,
2016Q2,Ecuador,
2016Q2,Paraguay,
2016Q2,Peru,
2016Q2,Uruguay,
2016Q2,Kazakhstan,
2016Q2,Kyrgyzstan,
2016Q2,China including Hong Kong,2447755.7
2016Q2,Hong Kong,66767.3
2016Q2,Macao,
2016Q2,Japan,1101038.1
2016Q2,Mongolia,
2016Q2,South Korea,330706.9
2016Q2,India,481768.4
2016Q2,Iran,
2016Q2,Sri Lanka,
2016Q2,Brunei Darussalam,
2016Q2,Cambodia,
2016Q2,Indonesia,204472.6
2016Q2,Malaysia,66056.5
2016Q2,Philippines,72112.0
2016Q2,Singapore,70207.8
2016Q2,Thailand,89340.9
2016Q2,Armenia,
2016Q2,Azerbaijan,
2016Q2,Bahrain,
2016Q2,Georgia,
2016Q2,Iraq,
2016Q2,Israel,69877.2
2016Q2,Palestine,
2016Q2,Qatar,
2016Q2,Saudi Arabia,
2016Q2,Australia,278938.6
2016Q2,New Zealand,39997.6
2016Q2,Samoa,
2016Q3,European Union - 27 countries (from 2020),3125657.5
2016Q3,European Union - 28 countries (2013-2020),3705552.4
2016Q3,Euro area - 19 countries  (from 2015),2691533.5
2016Q3,Belgium,104750.0
2016Q3,Bulgaria,13206.9
2016Q3,Czechia,45024.3
2016Q3,Denmark,70072.3
2016Q3,Germany (until 1990 former territory of the FRG),788980.0
2016Q3,Estonia,5514.0
2016Q3,Ireland,68742.6
2016Q3,Greece,45767.2
2016Q3,Spain,275793.0
2016Q3,France,545506.0
2016Q3,Croatia,13086.0
2016Q3,Italy,421948.1
2016Q3,Cyprus,4875.4
2016Q3,Latvia,6572.0
2016Q3,Lithuania,10473.4
2016Q3,Luxembourg,13462.3
2016Q3,Hungary,29834.6
2016Q3,Malta,2778.5
2016Q3,Netherlands,174235.0
2016Q3,Austria,88843.8
2016Q3,Poland,105076.3
2016Q3,Portugal,47638.6
2016Q3,Romania,46506.5
2016Q3,Slovenia,10371.1
2016Q3,Slovakia,21186.4
2016Q3,Finland,54096.0
2016Q3,Sweden,111312.6
2016Q3,United Kingdom,581709.5
2016Q3,Iceland,5125.5
2016Q3,Norway,80461.2
2016Q3,Switzerland,157711.7
2016Q3,Montenegro,1291.3
2016Q3,North Macedonia,2504.5
2016Q3,Albania,2675.4
2016Q3,Serbia,9403.5
2016Q3,Turkey,202575.3
2016Q3,Belarus,
2016Q3,Bosnia and Herzegovina,4147.6
2016Q3,Kosovo (under United Nations Security Council Resolution 1244/99),1695.7
2016Q3,Moldova,
2016Q3,Russia,308326.9
2016Q3,Ukraine,
2016Q3,Mauritius,
2016Q3,Rwanda,
2016Q3,Seychelles,
2016Q3,Egypt,
2016Q3,Morocco,
2016Q3,Botswana,
2016Q3,Namibia,
2016Q3,South Africa,70320.1
2016Q3,Cabo Verde,
2016Q3,Nigeria,
2016Q3,Canada,364244.3
2016Q3,United States,4246586.1
2016Q3,Dominican Republic,
2016Q3,Jamaica,
2016Q3,Costa Rica,
2016Q3,El Salvador,
2016Q3,Guatemala,
2016Q3,Honduras,
2016Q3,Mexico,240914.1
2016Q3,Nicaragua,
2016Q3,Argentina,127827.5
2016Q3,Bolivia,
2016Q3,Brazil,435410.4
2016Q3,Chile,
2016Q3,Colombia,
2016Q3,Ecuador,
2016Q3,Paraguay,
2016Q3,Peru,
2016Q3,Uruguay,
2016Q3,Kazakhstan,
2016Q3,Kyrgyzstan,
2016Q3,China including Hong Kong,2557572.8
2016Q3,Hong Kong,73470.2
2016Q3,Macao,
2016Q3,Japan,1160518.0
2016Q3,Mongolia,
2016Q3,South Korea,351267.5
2016Q3,India,502209.6
2016Q3,Iran,
2016Q3,Sri Lanka,
2016Q3,Brunei Darussalam,
2016Q3,Cambodia,
2016Q3,Indonesia,218591.2
2016Q3,Malaysia,68986.3
2016Q3,Philippines,69330.4
2016Q3,Singapore,72690.7
2016Q3,Thailand,93327.6
2016Q3,Armenia,
2016Q3,Azerbaijan,
2016Q3,Bahrain,
2016Q3,Georgia,
2016Q3,Iraq,
2016Q3,Israel,73066.9
2016Q3,Palestine,
2016Q3,Qatar,
2016Q3,Saudi Arabia,
2016Q3,Australia,288425.6
2016Q3,New Zealand,41669.9
2016Q3,Samoa,
2016Q4,European Union - 27 countries (from 2020),3273037.9
2016Q4,European Union - 28 countries (2013-2020),3859495.8
2016Q4,Euro area - 19 countries  (from 2015),2804518.3
2016Q4,Belgium,113985.0
2016Q4,Bulgaria,13667.8
2016Q4,Czechia,46242.0
2016Q4,Denmark,73591.4
2016Q4,Germany (until 1990 former territory of the FRG),803730.0
2016Q4,Estonia,5807.3
2016Q4,Ireland,74088.3
2016Q4,Greece,44750.8
2016Q4,Spain,290415.0
2016Q4,France,572946.0
2016Q4,Croatia,11644.9
2016Q4,Italy,447896.0
2016Q4,Cyprus,4915.8
2016Q4,Latvia,6800.8
2016Q4,Lithuania,10109.0
2016Q4,Luxembourg,14701.5
2016Q4,Hungary,32104.9
2016Q4,Malta,2684.2
2016Q4,Netherlands,182849.0
2016Q4,Austria,93396.2
2016Q4,Poland,120193.5
2016Q4,Portugal,47151.6
2016Q4,Romania,50999.6
2016Q4,Slovenia,10384.7
2016Q4,Slovakia,20931.0
2016Q4,Finland,56977.0
2016Q4,Sweden,120081.8
2016Q4,United Kingdom,587945.9
2016Q4,Iceland,5333.7
2016Q4,Norway,91011.5
2016Q4,Switzerland,162071.4
2016Q4,Montenegro,1012.9
2016Q4,North Macedonia,2585.2
2016Q4,Albania,2851.8
2016Q4,Serbia,9889.3
2016Q4,Turkey,212323.6
2016Q4,Belarus,
2016Q4,Bosnia and Herzegovina,3974.0
2016Q4,Kosovo (under United Nations Security Council Resolution 1244/99),1584.4
2016Q4,Moldova,
2016Q4,Russia,353595.5
2016Q4,Ukraine,
2016Q4,Mauritius,
2016Q4,Rwanda,
2016Q4,Seychelles,
2016Q4,Egypt,
2016Q4,Morocco,
2016Q4,Botswana,
2016Q4,Namibia,
2016Q4,South Africa,74727.9
2016Q4,Cabo Verde,
2016Q4,Nigeria,
2016Q4,Canada,367934.8
2016Q4,United States,4473200.5
2016Q4,Dominican Republic,
2016Q4,Jamaica,
2016Q4,Costa Rica,
2016Q4,El Salvador,
2016Q4,Guatemala,
2016Q4,Honduras,
2016Q4,Mexico,250140.9
2016Q4,Nicaragua,
2016Q4,Argentina,134334.3
2016Q4,Bolivia,
2016Q4,Brazil,459357.5
2016Q4,Chile,
2016Q4,Colombia,
2016Q4,Ecuador,
2016Q4,Paraguay,
2016Q4,Peru,
2016Q4,Uruguay,
2016Q4,Kazakhstan,
2016Q4,Kyrgyzstan,
2016Q4,China including Hong Kong,2865362.1
2016Q4,Hong Kong,81054.0
2016Q4,Macao,
2016Q4,Japan,1201226.3
2016Q4,Mongolia,
2016Q4,South Korea,362869.3
2016Q4,India,532800.8
2016Q4,Iran,
2016Q4,Sri Lanka,
2016Q4,Brunei Darussalam,
2016Q4,Cambodia,
2016Q4,Indonesia,223351.6
2016Q4,Malaysia,70529.4
2016Q4,Philippines,80367.8
2016Q4,Singapore,76775.1
2016Q4,Thailand,99708.4
2016Q4,Armenia,
2016Q4,Azerbaijan,
2016Q4,Bahrain,
2016Q4,Georgia,
2016Q4,Iraq,
2016Q4,Israel,76097.9
2016Q4,Palestine,
2016Q4,Qatar,
2016Q4,Saudi Arabia,
2016Q4,Australia,317791.4
2016Q4,New Zealand,47096.2
2016Q4,Samoa,
2017Q1,European Union - 27 countries (from 2020),3129420.4
2017Q1,European Union - 28 countries (2013-2020),3727389.4
2017Q1,Euro area - 19 countries  (from 2015),2706902.7
2017Q1,Belgium,107321.0
2017Q1,Bulgaria,10702.0
2017Q1,Czechia,43249.4
2017Q1,Denmark,71360.7
2017Q1,Germany (until 1990 former territory of the FRG),796940.0
2017Q1,Estonia,5445.6
2017Q1,Ireland,70026.9
2017Q1,Greece,40517.1
2017Q1,Spain,276574.0
2017Q1,France,565860.0
2017Q1,Croatia,10754.2
2017Q1,Italy,411556.0
2017Q1,Cyprus,4715.1
2017Q1,Latvia,5953.5
2017Q1,Lithuania,9313.9
2017Q1,Luxembourg,13673.0
2017Q1,Hungary,27618.8
2017Q1,Malta,2752.7
2017Q1,Netherlands,178225.0
2017Q1,Austria,88503.2
2017Q1,Poland,106160.7
2017Q1,Portugal,46646.1
2017Q1,Romania,36430.5
2017Q1,Slovenia,9887.8
2017Q1,Slovakia,19197.6
2017Q1,Finland,53794.0
2017Q1,Sweden,116262.0
2017Q1,United Kingdom,598730.4
2017Q1,Iceland,5023.4
2017Q1,Norway,92648.1
2017Q1,Switzerland,157708.2
2017Q1,Montenegro,783.8
2017Q1,North Macedonia,2329.8
2017Q1,Albania,2586.1
2017Q1,Serbia,8709.9
2017Q1,Turkey,166197.8
2017Q1,Belarus,
2017Q1,Bosnia and Herzegovina,3607.6
2017Q1,Kosovo (under United Nations Security Council Resolution 1244/99),1296.3
2017Q1,Moldova,
2017Q1,Russia,329263.1
2017Q1,Ukraine,
2017Q1,Mauritius,
2017Q1,Rwanda,
2017Q1,Seychelles,
2017Q1,Egypt,
2017Q1,Morocco,
2017Q1,Botswana,
2017Q1,Namibia,
2017Q1,South Africa,78924.3
2017Q1,Cabo Verde,
2017Q1,Nigeria,
2017Q1,Canada,354467.1
2017Q1,United States,4380818.9
2017Q1,Dominican Republic,
2017Q1,Jamaica,
2017Q1,Costa Rica,
2017Q1,El Salvador,
2017Q1,Guatemala,
2017Q1,Honduras,
2017Q1,Mexico,246626.2
2017Q1,Nicaragua,
2017Q1,Argentina,138354.7
2017Q1,Bolivia,
2017Q1,Brazil,473876.2
2017Q1,Chile,
2017Q1,Colombia,
2017Q1,Ecuador,
2017Q1,Paraguay,
2017Q1,Peru,
2017Q1,Uruguay,
2017Q1,Kazakhstan,
2017Q1,Kyrgyzstan,
2017Q1,China including Hong Kong,2459140.0
2017Q1,Hong Kong,76404.9
2017Q1,Macao,
2017Q1,Japan,1126116.0
2017Q1,Mongolia,
2017Q1,South Korea,352832.1
2017Q1,India,578356.9
2017Q1,Iran,
2017Q1,Sri Lanka,
2017Q1,Brunei Darussalam,
2017Q1,Cambodia,
2017Q1,Indonesia,227188.9
2017Q1,Malaysia,68561.5
2017Q1,Philippines,70354.5
2017Q1,Singapore,76726.5
2017Q1,Thailand,102461.3
2017Q1,Armenia,
2017Q1,Azerbaijan,
2017Q1,Bahrain,
2017Q1,Georgia,
2017Q1,Iraq,
2017Q1,Israel,77787.7
2017Q1,Palestine,
2017Q1,Qatar,
2017Q1,Saudi Arabia,
2017Q1,Australia,306388.7
2017Q1,New Zealand,46909.0
2017Q1,Samoa,
2017Q2,European Union - 27 countries (from 2020),3249353.7
2017Q2,European Union - 28 countries (2013-2020),3842402.5
2017Q2,Euro area - 19 countries  (from 2015),2789763.7
2017Q2,Belgium,112505.0
2017Q2,Bulgaria,12733.7
2017Q2,Czechia,48437.8
2017Q2,Denmark,75064.7
2017Q2,Germany (until 1990 former territory of the FRG),799040.0
2017Q2,Estonia,6055.3
2017Q2,Ireland,70462.6
2017Q2,Greece,44299.7
2017Q2,Spain,294157.0
2017Q2,France,573594.0
2017Q2,Croatia,12385.0
2017Q2,Italy,432198.2
2017Q2,Cyprus,5049.8
2017Q2,Latvia,6737.4
2017Q2,Lithuania,10491.0
2017Q2,Luxembourg,14068.3
2017Q2,Hungary,31275.6
2017Q2,Malta,2910.4
2017Q2,Netherlands,187838.0
2017Q2,Austria,92031.9
2017Q2,Poland,113717.4
2017Q2,Portugal,49343.7
2017Q2,Romania,43310.5
2017Q2,Slovenia,10871.9
2017Q2,Slovakia,21150.3
2017Q2,Finland,56960.0
2017Q2,Sweden,122688.8
2017Q2,United Kingdom,593311.0
2017Q2,Iceland,5647.8
2017Q2,Norway,85609.4
2017Q2,Switzerland,158599.8
2017Q2,Montenegro,1008.3
2017Q2,North Macedonia,2444.0
2017Q2,Albania,3051.7
2017Q2,Serbia,9605.4
2017Q2,Turkey,187862.6
2017Q2,Belarus,
2017Q2,Bosnia and Herzegovina,3901.8
2017Q2,Kosovo (under United Nations Security Council Resolution 1244/99),1630.3
2017Q2,Moldova,
2017Q2,Russia,347328.5
2017Q2,Ukraine,
2017Q2,Mauritius,
2017Q2,Rwanda,
2017Q2,Seychelles,
2017Q2,Egypt,
2017Q2,Morocco,
2017Q2,Botswana,
2017Q2,Namibia,
2017Q2,South Africa,79319.0
2017Q2,Cabo Verde,
2017Q2,Nigeria,
2017Q2,Canada,353815.9
2017Q2,United States,4421304.8
2017Q2,Dominican Republic,
2017Q2,Jamaica,
2017Q2,Costa Rica,
2017Q2,El Salvador,
2017Q2,Guatemala,
2017Q2,Honduras,
2017Q2,Mexico,266712.6
2017Q2,Nicaragua,
2017Q2,Argentina,152083.8
2017Q2,Bolivia,
2017Q2,Brazil,460183.4
2017Q2,Chile,
2017Q2,Colombia,
2017Q2,Ecuador,
2017Q2,Paraguay,
2017Q2,Peru,
2017Q2,Uruguay,
2017Q2,Kazakhstan,
2017Q2,Kyrgyzstan,
2017Q2,China including Hong Kong,2652998.1
2017Q2,Hong Kong,73197.6
2017Q2,Macao,
2017Q2,Japan,1109575.8
2017Q2,Mongolia,
2017Q2,South Korea,364535.3
2017Q2,India,563932.9
2017Q2,Iran,
2017Q2,Sri Lanka,
2017Q2,Brunei Darussalam,
2017Q2,Cambodia,
2017Q2,Indonesia,229500.7
2017Q2,Malaysia,69153.7
2017Q2,Philippines,75585.5
2017Q2,Singapore,74602.2
2017Q2,Thailand,99261.6
2017Q2,Armenia,
2017Q2,Azerbaijan,
2017Q2,Bahrain,
2017Q2,Georgia,
2017Q2,Iraq,
2017Q2,Israel,79795.1
2017Q2,Palestine,
2017Q2,Qatar,
2017Q2,Saudi Arabia,
2017Q2,Australia,306455.4
2017Q2,New Zealand,44611.9
2017Q2,Samoa,
2017Q3,European Union - 27 countries (from 2020),3263501.7
2017Q3,European Union - 28 countries (2013-2020),3835878.3
2017Q3,Euro area - 19 countries  (from 2015),2796473.6
2017Q3,Belgium,107644.0
2017Q3,Bulgaria,14266.7
2017Q3,Czechia,50030.4
2017Q3,Denmark,72746.0
2017Q3,Germany (until 1990 former territory of the FRG),821890.0
2017Q3,Estonia,5978.4
2017Q3,Ireland,78253.2
2017Q3,Greece,47516.7
2017Q3,Spain,287429.0
2017Q3,France,563607.0
2017Q3,Croatia,13947.7
2017Q3,Italy,430695.0
2017Q3,Cyprus,5194.6
2017Q3,Latvia,7067.8
2017Q3,Lithuania,11455.4
2017Q3,Luxembourg,13821.9
2017Q3,Hungary,32845.4
2017Q3,Malta,3066.0
2017Q3,Netherlands,181702.0
2017Q3,Austria,91967.8
2017Q3,Poland,115430.7
2017Q3,Portugal,49945.5
2017Q3,Romania,51860.8
2017Q3,Slovenia,11016.4
2017Q3,Slovakia,22222.4
2017Q3,Finland,56001.0
2017Q3,Sweden,115911.7
2017Q3,United Kingdom,572327.6
2017Q3,Iceland,5738.3
2017Q3,Norway,84734.8
2017Q3,Switzerland,153730.5
2017Q3,Montenegro,1416.3
2017Q3,North Macedonia,2592.3
2017Q3,Albania,2899.0
2017Q3,Serbia,10189.0
2017Q3,Turkey,203452.3
2017Q3,Belarus,
2017Q3,Bosnia and Herzegovina,4362.2
2017Q3,Kosovo (under United Nations Security Council Resolution 1244/99),1809.8
2017Q3,Moldova,
2017Q3,Russia,342327.8
2017Q3,Ukraine,
2017Q3,Mauritius,
2017Q3,Rwanda,
2017Q3,Seychelles,
2017Q3,Egypt,
2017Q3,Morocco,
2017Q3,Botswana,
2017Q3,Namibia,
2017Q3,South Africa,76400.1
2017Q3,Cabo Verde,
2017Q3,Nigeria,
2017Q3,Canada,379599.4
2017Q3,United States,4210991.8
2017Q3,Dominican Republic,
2017Q3,Jamaica,
2017Q3,Costa Rica,
2017Q3,El Salvador,
2017Q3,Guatemala,
2017Q3,Honduras,
2017Q3,Mexico,259398.2
2017Q3,Nicaragua,
2017Q3,Argentina,136967.2
2017Q3,Bolivia,
2017Q3,Brazil,443760.7
2017Q3,Chile,
2017Q3,Colombia,
2017Q3,Ecuador,
2017Q3,Paraguay,
2017Q3,Peru,
2017Q3,Uruguay,
2017Q3,Kazakhstan,
2017Q3,Kyrgyzstan,
2017Q3,China including Hong Kong,2700989.3
2017Q3,Hong Kong,74006.7
2017Q3,Macao,
2017Q3,Japan,1041712.3
2017Q3,Mongolia,
2017Q3,South Korea,355916.2
2017Q3,India,552491.3
2017Q3,Iran,
2017Q3,Sri Lanka,
2017Q3,Brunei Darussalam,
2017Q3,Cambodia,
2017Q3,Indonesia,223771.9
2017Q3,Malaysia,68507.1
2017Q3,Philippines,67248.9
2017Q3,Singapore,73000.0
2017Q3,Thailand,98308.4
2017Q3,Armenia,
2017Q3,Azerbaijan,
2017Q3,Bahrain,
2017Q3,Georgia,
2017Q3,Iraq,
2017Q3,Israel,75974.2
2017Q3,Palestine,
2017Q3,Qatar,
2017Q3,Saudi Arabia,
2017Q3,Australia,304147.2
2017Q3,New Zealand,43174.8
2017Q3,Samoa,
2017Q4,European Union - 27 countries (from 2020),3427422.1
2017Q4,European Union - 28 countries (2013-2020),4023817.6
2017Q4,Euro area - 19 countries  (from 2015),2923933.6
2017Q4,Belgium,117521.0
2017Q4,Bulgaria,14626.5
2017Q4,Czechia,52700.3
2017Q4,Denmark,75632.7
2017Q4,Germany (until 1990 former territory of the FRG),841990.0
2017Q4,Estonia,6378.5
2017Q4,Ireland,81644.2
2017Q4,Greece,44818.4
2017Q4,Spain,303707.0
2017Q4,France,594183.0
2017Q4,Croatia,12161.3
2017Q4,Italy,462143.7
2017Q4,Cyprus,5160.3
2017Q4,Latvia,7203.6
2017Q4,Lithuania,11016.0
2017Q4,Luxembourg,15251.0
2017Q4,Hungary,35122.9
2017Q4,Malta,2945.7
2017Q4,Netherlands,190381.0
2017Q4,Austria,96838.4
2017Q4,Poland,132411.4
2017Q4,Portugal,50011.9
2017Q4,Romania,55928.9
2017Q4,Slovenia,11233.1
2017Q4,Slovakia,21962.0
2017Q4,Finland,59546.0
2017Q4,Sweden,124890.5
2017Q4,United Kingdom,596243.7
2017Q4,Iceland,5526.6
2017Q4,Norway,90339.2
2017Q4,Switzerland,154179.3
2017Q4,Montenegro,1090.7
2017Q4,North Macedonia,2672.2
2017Q4,Albania,3026.5
2017Q4,Serbia,10758.8
2017Q4,Turkey,200742.7
2017Q4,Belarus,
2017Q4,Bosnia and Herzegovina,4170.8
2017Q4,Kosovo (under United Nations Security Council Resolution 1244/99),1677.1
2017Q4,Moldova,
2017Q4,Russia,372401.8
2017Q4,Ukraine,
2017Q4,Mauritius,
2017Q4,Rwanda,
2017Q4,Seychelles,
2017Q4,Egypt,
2017Q4,Morocco,
2017Q4,Botswana,
2017Q4,Namibia,
2017Q4,South Africa,74904.5
2017Q4,Cabo Verde,
2017Q4,Nigeria,
2017Q4,Canada,372656.0
2017Q4,United States,4297037.5
2017Q4,Dominican Republic,
2017Q4,Jamaica,
2017Q4,Costa Rica,
2017Q4,El Salvador,
2017Q4,Guatemala,
2017Q4,Honduras,
2017Q4,Mexico,256399.8
2017Q4,Nicaragua,
2017Q4,Argentina,142184.7
2017Q4,Bolivia,
2017Q4,Brazil,450309.5
2017Q4,Chile,
2017Q4,Colombia,
2017Q4,Ecuador,
2017Q4,Paraguay,
2017Q4,Peru,
2017Q4,Uruguay,
2017Q4,Kazakhstan,
2017Q4,Kyrgyzstan,
2017Q4,China including Hong Kong,3011827.4
2017Q4,Hong Kong,78358.8
2017Q4,Macao,
2017Q4,Japan,1091066.2
2017Q4,Mongolia,
2017Q4,South Korea,364603.5
2017Q4,India,567451.7
2017Q4,Iran,
2017Q4,Sri Lanka,
2017Q4,Brunei Darussalam,
2017Q4,Cambodia,
2017Q4,Indonesia,219020.3
2017Q4,Malaysia,72675.7
2017Q4,Philippines,77383.9
2017Q4,Singapore,78538.3
2017Q4,Thailand,104414.9
2017Q4,Armenia,
2017Q4,Azerbaijan,
2017Q4,Bahrain,
2017Q4,Georgia,
2017Q4,Iraq,
2017Q4,Israel,79088.1
2017Q4,Palestine,
2017Q4,Qatar,
2017Q4,Saudi Arabia,
2017Q4,Australia,309074.4
2017Q4,New Zealand,45748.4
2017Q4,Samoa,
2018Q1,European Union - 27 countries (from 2020),3251012.1
2018Q1,European Union - 28 countries (2013-2020),3849596.9
2018Q1,Euro area - 19 countries  (from 2015),2805232.7
2018Q1,Belgium,110212.0
2018Q1,Bulgaria,11386.0
2018Q1,Czechia,49123.5
2018Q1,Denmark,72047.7
2018Q1,Germany (until 1990 former territory of the FRG),821150.0
2018Q1,Estonia,5902.4
2018Q1,Ireland,79650.2
2018Q1,Greece,41137.1
2018Q1,Spain,286806.0
2018Q1,France,582580.0
2018Q1,Croatia,11275.3
2018Q1,Italy,422807.8
2018Q1,Cyprus,5037.2
2018Q1,Latvia,6293.8
2018Q1,Lithuania,10009.2
2018Q1,Luxembourg,14377.8
2018Q1,Hungary,30162.8
2018Q1,Malta,2879.9
2018Q1,Netherlands,188086.0
2018Q1,Austria,92971.2
2018Q1,Poland,116823.8
2018Q1,Portugal,48732.8
2018Q1,Romania,38807.4
2018Q1,Slovenia,10575.8
2018Q1,Slovakia,20266.9
2018Q1,Finland,55756.0
2018Q1,Sweden,116096.1
2018Q1,United Kingdom,598489.9
2018Q1,Iceland,5313.6
2018Q1,Norway,90195.0
2018Q1,Switzerland,149593.9
2018Q1,Montenegro,848.7
2018Q1,North Macedonia,2454.6
2018Q1,Albania,2827.7
2018Q1,Serbia,9736.3
2018Q1,Turkey,169844.7
2018Q1,Belarus,
2018Q1,Bosnia and Herzegovina,3883.5
2018Q1,Kosovo (under United Nations Security Council Resolution 1244/99),1347.4
2018Q1,Moldova,
2018Q1,Russia,326691.8
2018Q1,Ukraine,
2018Q1,Mauritius,
2018Q1,Rwanda,
2018Q1,Seychelles,
2018Q1,Egypt,
2018Q1,Morocco,
2018Q1,Botswana,
2018Q1,Namibia,
2018Q1,South Africa,78619.7
2018Q1,Cabo Verde,
2018Q1,Nigeria,
2018Q1,Canada,336458.2
2018Q1,United States,4012495.1
2018Q1,Dominican Republic,
2018Q1,Jamaica,
2018Q1,Costa Rica,
2018Q1,El Salvador,
2018Q1,Guatemala,
2018Q1,Honduras,
2018Q1,Mexico,245989.8
2018Q1,Nicaragua,
2018Q1,Argentina,126461.8
2018Q1,Bolivia,
2018Q1,Brazil,421407.2
2018Q1,Chile,
2018Q1,Colombia,
2018Q1,Ecuador,
2018Q1,Paraguay,
2018Q1,Peru,
2018Q1,Uruguay,
2018Q1,Kazakhstan,
2018Q1,Kyrgyzstan,
2018Q1,China including Hong Kong,2543479.5
2018Q1,Hong Kong,71146.0
2018Q1,Macao,
2018Q1,Japan,1042920.3
2018Q1,Mongolia,
2018Q1,South Korea,341394.2
2018Q1,India,580416.2
2018Q1,Iran,
2018Q1,Sri Lanka,
2018Q1,Brunei Darussalam,
2018Q1,Cambodia,
2018Q1,Indonesia,210428.1
2018Q1,Malaysia,71135.6
2018Q1,Philippines,64743.9
2018Q1,Singapore,74420.2
2018Q1,Thailand,104403.2
2018Q1,Armenia,
2018Q1,Azerbaijan,
2018Q1,Bahrain,
2018Q1,Georgia,
2018Q1,Iraq,
2018Q1,Israel,75886.4
2018Q1,Palestine,
2018Q1,Qatar,
2018Q1,Saudi Arabia,
2018Q1,Australia,286615.3
2018Q1,New Zealand,44236.5
2018Q1,Samoa,
2018Q2,European Union - 27 countries (from 2020),3368796.8
2018Q2,European Union - 28 countries (2013-2020),3973783.7
2018Q2,Euro area - 19 countries  (from 2015),2890850.7
2018Q2,Belgium,116273.0
2018Q2,Bulgaria,13631.7
2018Q2,Czechia,53087.3
2018Q2,Denmark,76575.4
2018Q2,Germany (until 1990 former territory of the FRG),831070.0
2018Q2,Estonia,6507.1
2018Q2,Ireland,78003.7
2018Q2,Greece,44887.9
2018Q2,Spain,305083.0
2018Q2,France,587982.0
2018Q2,Croatia,13163.1
2018Q2,Italy,442617.7
2018Q2,Cyprus,5525.9
2018Q2,Latvia,7310.3
2018Q2,Lithuania,11288.8
2018Q2,Luxembourg,14845.6
2018Q2,Hungary,33615.9
2018Q2,Malta,3112.3
2018Q2,Netherlands,196773.0
2018Q2,Austria,95316.6
2018Q2,Poland,119420.5
2018Q2,Portugal,51366.9
2018Q2,Romania,47468.9
2018Q2,Slovenia,11517.6
2018Q2,Slovakia,22484.0
2018Q2,Finland,58885.0
2018Q2,Sweden,120903.6
2018Q2,United Kingdom,604984.2
2018Q2,Iceland,5682.1
2018Q2,Norway,92351.2
2018Q2,Switzerland,154248.6
2018Q2,Montenegro,1108.2
2018Q2,North Macedonia,2648.9
2018Q2,Albania,3390.6
2018Q2,Serbia,10687.4
2018Q2,Turkey,171969.2
2018Q2,Belarus,
2018Q2,Bosnia and Herzegovina,4214.5
2018Q2,Kosovo (under United Nations Security Council Resolution 1244/99),1719.3
2018Q2,Moldova,
2018Q2,Russia,340927.6
2018Q2,Ukraine,
2018Q2,Mauritius,
2018Q2,Rwanda,
2018Q2,Seychelles,
2018Q2,Egypt,
2018Q2,Morocco,
2018Q2,Botswana,
2018Q2,Namibia,
2018Q2,South Africa,80315.1
2018Q2,Cabo Verde,
2018Q2,Nigeria,
2018Q2,Canada,357016.6
2018Q2,United States,4326146.0
2018Q2,Dominican Republic,
2018Q2,Jamaica,
2018Q2,Costa Rica,
2018Q2,El Salvador,
2018Q2,Guatemala,
2018Q2,Honduras,
2018Q2,Mexico,255524.3
2018Q2,Nicaragua,
2018Q2,Argentina,125832.6
2018Q2,Bolivia,
2018Q2,Brazil,403663.7
2018Q2,Chile,
2018Q2,Colombia,
2018Q2,Ecuador,
2018Q2,Paraguay,
2018Q2,Peru,
2018Q2,Uruguay,
2018Q2,Kazakhstan,
2018Q2,Kyrgyzstan,
2018Q2,China including Hong Kong,2946212.0
2018Q2,Hong Kong,72052.6
2018Q2,Macao,
2018Q2,Japan,1060010.8
2018Q2,Mongolia,
2018Q2,South Korea,367507.0
2018Q2,India,569941.0
2018Q2,Iran,
2018Q2,Sri Lanka,
2018Q2,Brunei Darussalam,
2018Q2,Cambodia,
2018Q2,Indonesia,221449.2
2018Q2,Malaysia,74091.6
2018Q2,Philippines,73069.1
2018Q2,Singapore,77804.7
2018Q2,Thailand,105099.2
2018Q2,Armenia,
2018Q2,Azerbaijan,
2018Q2,Bahrain,
2018Q2,Georgia,
2018Q2,Iraq,
2018Q2,Israel,77037.7
2018Q2,Palestine,
2018Q2,Qatar,
2018Q2,Saudi Arabia,
2018Q2,Australia,301372.6
2018Q2,New Zealand,44058.9
2018Q2,Samoa,
2018Q3,European Union - 27 countries (from 2020),3362434.2
2018Q3,European Union - 28 countries (2013-2020),3961672.3
2018Q3,Euro area - 19 countries  (from 2015),2879454.5
2018Q3,Belgium,111298.0
2018Q3,Bulgaria,15564.8
2018Q3,Czechia,53453.9
2018Q3,Denmark,75241.4
2018Q3,Germany (until 1990 former territory of the FRG),839800.0
2018Q3,Estonia,6540.6
2018Q3,Ireland,85041.5
2018Q3,Greece,48323.1
2018Q3,Spain,297131.0
2018Q3,France,579295.0
2018Q3,Croatia,14663.8
2018Q3,Italy,437265.6
2018Q3,Cyprus,5497.3
2018Q3,Latvia,7675.4
2018Q3,Lithuania,12146.7
2018Q3,Luxembourg,14829.5
2018Q3,Hungary,34508.6
2018Q3,Malta,3330.5
2018Q3,Netherlands,190226.0
2018Q3,Austria,95348.9
2018Q3,Poland,122365.5
2018Q3,Portugal,52376.2
2018Q3,Romania,56819.2
2018Q3,Slovenia,11835.1
2018Q3,Slovakia,23696.5
2018Q3,Finland,57797.0
2018Q3,Sweden,110275.0
2018Q3,United Kingdom,599328.8
2018Q3,Iceland,5943.6
2018Q3,Norway,90511.5
2018Q3,Switzerland,157048.3
2018Q3,Montenegro,1531.1
2018Q3,North Macedonia,2723.4
2018Q3,Albania,3245.6
2018Q3,Serbia,11056.8
2018Q3,Turkey,157477.0
2018Q3,Belarus,
2018Q3,Bosnia and Herzegovina,4567.2
2018Q3,Kosovo (under United Nations Security Council Resolution 1244/99),1869.7
2018Q3,Moldova,
2018Q3,Russia,360822.9
2018Q3,Ukraine,
2018Q3,Mauritius,
2018Q3,Rwanda,
2018Q3,Seychelles,
2018Q3,Egypt,
2018Q3,Morocco,
2018Q3,Botswana,
2018Q3,Namibia,
2018Q3,South Africa,76171.2
2018Q3,Cabo Verde,
2018Q3,Nigeria,
2018Q3,Canada,386801.0
2018Q3,United States,4488387.7
2018Q3,Dominican Republic,
2018Q3,Jamaica,
2018Q3,Costa Rica,
2018Q3,El Salvador,
2018Q3,Guatemala,
2018Q3,Honduras,
2018Q3,Mexico,265012.9
2018Q3,Nicaragua,
2018Q3,Argentina,102435.5
2018Q3,Bolivia,
2018Q3,Brazil,384638.5
2018Q3,Chile,
2018Q3,Colombia,
2018Q3,Ecuador,
2018Q3,Paraguay,
2018Q3,Peru,
2018Q3,Uruguay,
2018Q3,Kazakhstan,
2018Q3,Kyrgyzstan,
2018Q3,China including Hong Kong,2962366.9
2018Q3,Hong Kong,79273.9
2018Q3,Macao,
2018Q3,Japan,1042528.4
2018Q3,Mongolia,
2018Q3,South Korea,372177.8
2018Q3,India,569951.7
2018Q3,Iran,
2018Q3,Sri Lanka,
2018Q3,Brunei Darussalam,
2018Q3,Cambodia,
2018Q3,Indonesia,226194.8
2018Q3,Malaysia,76281.6
2018Q3,Philippines,71472.1
2018Q3,Singapore,80293.6
2018Q3,Thailand,105931.7
2018Q3,Armenia,
2018Q3,Azerbaijan,
2018Q3,Bahrain,
2018Q3,Georgia,
2018Q3,Iraq,
2018Q3,Israel,79065.2
2018Q3,Palestine,
2018Q3,Qatar,
2018Q3,Saudi Arabia,
2018Q3,Australia,299854.1
2018Q3,New Zealand,42077.7
2018Q3,Samoa,
2018Q4,European Union - 27 countries (from 2020),3535641.9
2018Q4,European Union - 28 countries (2013-2020),4153729.5
2018Q4,Euro area - 19 countries  (from 2015),3012052.9
2018Q4,Belgium,122636.0
2018Q4,Bulgaria,15529.2
2018Q4,Czechia,55216.6
2018Q4,Denmark,78493.9
2018Q4,Germany (until 1990 former territory of the FRG),864390.0
2018Q4,Estonia,6987.4
2018Q4,Ireland,84290.8
2018Q4,Greece,45379.2
2018Q4,Spain,315221.0
2018Q4,France,610829.0
2018Q4,Croatia,12853.6
2018Q4,Italy,468372.0
2018Q4,Cyprus,5372.2
2018Q4,Latvia,7862.9
2018Q4,Lithuania,12046.3
2018Q4,Luxembourg,16000.2
2018Q4,Hungary,37516.9
2018Q4,Malta,3185.6
2018Q4,Netherlands,198902.0
2018Q4,Austria,101725.2
2018Q4,Poland,139035.6
2018Q4,Portugal,52708.2
2018Q4,Romania,61397.2
2018Q4,Slovenia,11934.2
2018Q4,Slovakia,23058.1
2018Q4,Finland,61153.0
2018Q4,Sweden,123469.2
2018Q4,United Kingdom,618302.6
2018Q4,Iceland,5322.0
2018Q4,Norway,97224.9
2018Q4,Switzerland,162280.3
2018Q4,Montenegro,1175.1
2018Q4,North Macedonia,2917.3
2018Q4,Albania,3376.2
2018Q4,Serbia,11412.5
2018Q4,Turkey,163060.4
2018Q4,Belarus,
2018Q4,Bosnia and Herzegovina,4434.5
2018Q4,Kosovo (under United Nations Security Council Resolution 1244/99),1789.8
2018Q4,Moldova,
2018Q4,Russia,382701.0
2018Q4,Ukraine,
2018Q4,Mauritius,
2018Q4,Rwanda,
2018Q4,Seychelles,
2018Q4,Egypt,
2018Q4,Morocco,
2018Q4,Botswana,
2018Q4,Namibia,
2018Q4,South Africa,77356.1
2018Q4,Cabo Verde,
2018Q4,Nigeria,
2018Q4,Canada,379276.2
2018Q4,United States,4648286.3
2018Q4,Dominican Republic,
2018Q4,Jamaica,
2018Q4,Costa Rica,
2018Q4,El Salvador,
2018Q4,Guatemala,
2018Q4,Honduras,
2018Q4,Mexico,269712.8
2018Q4,Nicaragua,
2018Q4,Argentina,98949.0
2018Q4,Bolivia,
2018Q4,Brazil,419320.0
2018Q4,Chile,
2018Q4,Colombia,
2018Q4,Ecuador,
2018Q4,Paraguay,
2018Q4,Peru,
2018Q4,Uruguay,
2018Q4,Kazakhstan,
2018Q4,Kyrgyzstan,
2018Q4,China including Hong Kong,3278012.2
2018Q4,Hong Kong,84324.8
2018Q4,Macao,
2018Q4,Japan,1120380.4
2018Q4,Mongolia,
2018Q4,South Korea,380584.2
2018Q4,India,584971.8
2018Q4,Iran,
2018Q4,Sri Lanka,
2018Q4,Brunei Darussalam,
2018Q4,Cambodia,
2018Q4,Indonesia,224940.2
2018Q4,Malaysia,78706.5
2018Q4,Philippines,84725.6
2018Q4,Singapore,83689.7
2018Q4,Thailand,113532.0
2018Q4,Armenia,
2018Q4,Azerbaijan,
2018Q4,Bahrain,
2018Q4,Georgia,
2018Q4,Iraq,
2018Q4,Israel,81565.1
2018Q4,Palestine,
2018Q4,Qatar,
2018Q4,Saudi Arabia,
2018Q4,Australia,315525.1
2018Q4,New Zealand,47182.8
2018Q4,Samoa,
2019Q1,European Union - 27 countries (from 2020),3357161.0
2019Q1,European Union - 28 countries (2013-2020),3987940.1
2019Q1,Euro area - 19 countries  (from 2015),2891786.0
2019Q1,Belgium,114209.0
2019Q1,Bulgaria,12847.8
2019Q1,Czechia,51692.8
2019Q1,Denmark,75049.9
2019Q1,Germany (until 1990 former territory of the FRG),845820.0
2019Q1,Estonia,6510.9
2019Q1,Ireland,84928.9
2019Q1,Greece,41551.4
2019Q1,Spain,298529.0
2019Q1,France,597720.0
2019Q1,Croatia,11926.7
2019Q1,Italy,427845.4
2019Q1,Cyprus,5230.4
2019Q1,Latvia,6735.1
2019Q1,Lithuania,10809.3
2019Q1,Luxembourg,15091.1
2019Q1,Hungary,32611.3
2019Q1,Malta,3134.4
2019Q1,Netherlands,196565.0
2019Q1,Austria,96074.4
2019Q1,Poland,122359.3
2019Q1,Portugal,50896.9
2019Q1,Romania,42848.1
2019Q1,Slovenia,11252.0
2019Q1,Slovakia,21587.9
2019Q1,Finland,57294.0
2019Q1,Sweden,115986.3
2019Q1,United Kingdom,631105.7
2019Q1,Iceland,4989.2
2019Q1,Norway,93168.6
2019Q1,Switzerland,156980.9
2019Q1,Montenegro,890.7
2019Q1,North Macedonia,2538.3
2019Q1,Albania,3086.5
2019Q1,Serbia,10215.3
2019Q1,Turkey,151445.2
2019Q1,Belarus,
2019Q1,Bosnia and Herzegovina,4101.0
2019Q1,Kosovo (under United Nations Security Council Resolution 1244/99),1421.3
2019Q1,Moldova,
2019Q1,Russia,332999.5
2019Q1,Ukraine,
2019Q1,Mauritius,
2019Q1,Rwanda,
2019Q1,Seychelles,
2019Q1,Egypt,
2019Q1,Morocco,
2019Q1,Botswana,
2019Q1,Namibia,
2019Q1,South Africa,75791.2
2019Q1,Cabo Verde,
2019Q1,Nigeria,
2019Q1,Canada,357325.3
2019Q1,United States,4518542.0
2019Q1,Dominican Republic,
2019Q1,Jamaica,
2019Q1,Costa Rica,
2019Q1,El Salvador,
2019Q1,Guatemala,
2019Q1,Honduras,
2019Q1,Mexico,276217.8
2019Q1,Nicaragua,
2019Q1,Argentina,98408.4
2019Q1,Bolivia,
2019Q1,Brazil,412772.2
2019Q1,Chile,
2019Q1,Colombia,
2019Q1,Ecuador,
2019Q1,Paraguay,
2019Q1,Peru,
2019Q1,Uruguay,
2019Q1,Kazakhstan,
2019Q1,Kyrgyzstan,
2019Q1,China including Hong Kong,2845472.7
2019Q1,Hong Kong,79432.0
2019Q1,Macao,
2019Q1,Japan,1115478.1
2019Q1,Mongolia,
2019Q1,South Korea,355775.5
2019Q1,India,618789.3
2019Q1,Iran,
2019Q1,Sri Lanka,
2019Q1,Brunei Darussalam,
2019Q1,Cambodia,
2019Q1,Indonesia,235649.9
2019Q1,Malaysia,
2019Q1,Philippines,74344.1
2019Q1,Singapore,81716.5
2019Q1,Thailand,117430.7
2019Q1,Armenia,
2019Q1,Azerbaijan,
2019Q1,Bahrain,
2019Q1,Georgia,
2019Q1,Iraq,
2019Q1,Israel,83193.4
2019Q1,Palestine,
2019Q1,Qatar,
2019Q1,Saudi Arabia,
2019Q1,Australia,296526.0
2019Q1,New Zealand,47146.2
2019Q1,Samoa,
2019Q2,European Union - 27 countries (from 2020),3474477.6
2019Q2,European Union - 28 countries (2013-2020),4097692.1
2019Q2,Euro area - 19 countries  (from 2015),2971743.2
2019Q2,Belgium,120178.0
2019Q2,Bulgaria,15179.4
2019Q2,Czechia,56106.6
2019Q2,Denmark,78955.9
2019Q2,Germany (until 1990 former territory of the FRG),846940.0
2019Q2,Estonia,7040.6
2019Q2,Ireland,84930.9
2019Q2,Greece,46069.8
2019Q2,Spain,315695.0
2019Q2,France,606543.0
2019Q2,Croatia,13655.4
2019Q2,Italy,444366.5
2019Q2,Cyprus,5686.4
2019Q2,Latvia,7647.7
2019Q2,Lithuania,12109.2
2019Q2,Luxembourg,15824.4
2019Q2,Hungary,36380.2
2019Q2,Malta,3354.9
2019Q2,Netherlands,206487.0
2019Q2,Austria,98844.8
2019Q2,Poland,129191.2
2019Q2,Portugal,53352.2
2019Q2,Romania,51613.7
2019Q2,Slovenia,12189.9
2019Q2,Slovakia,23587.2
2019Q2,Finland,60896.0
2019Q2,Sweden,121620.5
2019Q2,United Kingdom,623637.1
2019Q2,Iceland,5484.2
2019Q2,Norway,89911.5
2019Q2,Switzerland,161427.6
2019Q2,Montenegro,1160.6
2019Q2,North Macedonia,2779.7
2019Q2,Albania,3626.9
2019Q2,Serbia,11329.8
2019Q2,Turkey,155684.9
2019Q2,Belarus,
2019Q2,Bosnia and Herzegovina,4469.6
2019Q2,Kosovo (under United Nations Security Council Resolution 1244/99),1824.0
2019Q2,Moldova,
2019Q2,Russia,363975.0
2019Q2,Ukraine,
2019Q2,Mauritius,
2019Q2,Rwanda,
2019Q2,Seychelles,
2019Q2,Egypt,
2019Q2,Morocco,
2019Q2,Botswana,
2019Q2,Namibia,
2019Q2,South Africa,78117.2
2019Q2,Cabo Verde,
2019Q2,Nigeria,
2019Q2,Canada,378173.7
2019Q2,United States,4767591.0
2019Q2,Dominican Republic,
2019Q2,Jamaica,
2019Q2,Costa Rica,
2019Q2,El Salvador,
2019Q2,Guatemala,
2019Q2,Honduras,
2019Q2,Mexico,285031.3
2019Q2,Nicaragua,
2019Q2,Argentina,105778.2
2019Q2,Bolivia,
2019Q2,Brazil,416239.2
2019Q2,Chile,
2019Q2,Colombia,
2019Q2,Ecuador,
2019Q2,Paraguay,
2019Q2,Peru,
2019Q2,Uruguay,
2019Q2,Kazakhstan,
2019Q2,Kyrgyzstan,
2019Q2,China including Hong Kong,3161765.4
2019Q2,Hong Kong,78807.7
2019Q2,Macao,
2019Q2,Japan,1127608.3
2019Q2,Mongolia,
2019Q2,South Korea,365763.3
2019Q2,India,629245.7
2019Q2,Iran,
2019Q2,Sri Lanka,
2019Q2,Brunei Darussalam,
2019Q2,Cambodia,
2019Q2,Indonesia,247419.7
2019Q2,Malaysia,
2019Q2,Philippines,83086.9
2019Q2,Singapore,81734.9
2019Q2,Thailand,116826.2
2019Q2,Armenia,
2019Q2,Azerbaijan,
2019Q2,Bahrain,
2019Q2,Georgia,
2019Q2,Iraq,
2019Q2,Israel,85169.1
2019Q2,Palestine,
2019Q2,Qatar,
2019Q2,Saudi Arabia,
2019Q2,Australia,312060.6
2019Q2,New Zealand,46010.7
2019Q2,Samoa,
2019Q3,European Union - 27 countries (from 2020),3488313.7
2019Q3,European Union - 28 countries (2013-2020),4100518.2
2019Q3,Euro area - 19 countries  (from 2015),2978123.6
2019Q3,Belgium,115420.0
2019Q3,Bulgaria,16198.3
2019Q3,Czechia,57145.8
2019Q3,Denmark,78005.1
2019Q3,Germany (until 1990 former territory of the FRG),870150.0
2019Q3,Estonia,7105.1
2019Q3,Ireland,93225.0
2019Q3,Greece,50051.0
2019Q3,Spain,305647.0
2019Q3,France,597695.0
2019Q3,Croatia,15311.8
2019Q3,Italy,443497.6
2019Q3,Cyprus,5768.7
2019Q3,Latvia,8047.2
2019Q3,Lithuania,13060.9
2019Q3,Luxembourg,15628.8
2019Q3,Hungary,37236.8
2019Q3,Malta,3533.9
2019Q3,Netherlands,199281.0
2019Q3,Austria,98974.2
2019Q3,Poland,131570.2
2019Q3,Portugal,54200.8
2019Q3,Romania,61390.0
2019Q3,Slovenia,12488.9
2019Q3,Slovakia,24513.3
2019Q3,Finland,59836.0
2019Q3,Sweden,113315.8
2019Q3,United Kingdom,612678.3
2019Q3,Iceland,5723.7
2019Q3,Norway,86643.6
2019Q3,Switzerland,165616.9
2019Q3,Montenegro,1646.5
2019Q3,North Macedonia,2875.0
2019Q3,Albania,3507.3
2019Q3,Serbia,11910.5
2019Q3,Turkey,183629.7
2019Q3,Belarus,
2019Q3,Bosnia and Herzegovina,4819.8
2019Q3,Kosovo (under United Nations Security Council Resolution 1244/99),1967.4
2019Q3,Moldova,
2019Q3,Russia,401958.0
2019Q3,Ukraine,
2019Q3,Mauritius,
2019Q3,Rwanda,
2019Q3,Seychelles,
2019Q3,Egypt,
2019Q3,Morocco,
2019Q3,Botswana,
2019Q3,Namibia,
2019Q3,South Africa,79419.7
2019Q3,Cabo Verde,
2019Q3,Nigeria,
2019Q3,Canada,411070.1
2019Q3,United States,4870393.0
2019Q3,Dominican Republic,
2019Q3,Jamaica,
2019Q3,Costa Rica,
2019Q3,El Salvador,
2019Q3,Guatemala,
2019Q3,Honduras,
2019Q3,Mexico,281000.4
2019Q3,Nicaragua,
2019Q3,Argentina,100085.0
2019Q3,Bolivia,
2019Q3,Brazil,427405.4
2019Q3,Chile,
2019Q3,Colombia,
2019Q3,Ecuador,
2019Q3,Paraguay,
2019Q3,Peru,
2019Q3,Uruguay,
2019Q3,Kazakhstan,
2019Q3,Kyrgyzstan,
2019Q3,China including Hong Kong,3233444.9
2019Q3,Hong Kong,82627.0
2019Q3,Macao,
2019Q3,Japan,1153679.2
2019Q3,Mongolia,
2019Q3,South Korea,366974.5
2019Q3,India,628653.9
2019Q3,Iran,
2019Q3,Sri Lanka,
2019Q3,Brunei Darussalam,
2019Q3,Cambodia,
2019Q3,Indonesia,259032.4
2019Q3,Malaysia,
2019Q3,Philippines,82138.3
2019Q3,Singapore,83667.3
2019Q3,Thailand,122259.9
2019Q3,Armenia,
2019Q3,Azerbaijan,
2019Q3,Bahrain,
2019Q3,Georgia,
2019Q3,Iraq,
2019Q3,Israel,90494.1
2019Q3,Palestine,
2019Q3,Qatar,
2019Q3,Saudi Arabia,
2019Q3,Australia,310925.6
2019Q3,New Zealand,44999.7
2019Q3,Samoa,
2019Q4,European Union - 27 countries (from 2020),3643945.1
2019Q4,European Union - 28 countries (2013-2020),4304362.1
2019Q4,Euro area - 19 countries  (from 2015),3093872.9
2019Q4,Belgium,126397.0
2019Q4,Bulgaria,17014.0
2019Q4,Czechia,59015.4
2019Q4,Denmark,80734.6
2019Q4,Germany (until 1990 former territory of the FRG),886140.0
2019Q4,Estonia,7455.8
2019Q4,Ireland,92966.4
2019Q4,Greece,45741.2
2019Q4,Spain,324901.0
2019Q4,France,623752.0
2019Q4,Croatia,13349.9
2019Q4,Italy,474037.5
2019Q4,Cyprus,5601.6
2019Q4,Latvia,8033.3
2019Q4,Lithuania,12818.0
2019Q4,Luxembourg,16972.1
2019Q4,Hungary,39705.1
2019Q4,Malta,3439.2
2019Q4,Netherlands,207914.0
2019Q4,Austria,103682.0
2019Q4,Poland,149282.6
2019Q4,Portugal,54851.1
2019Q4,Romania,67419.3
2019Q4,Slovenia,12461.7
2019Q4,Slovakia,24176.8
2019Q4,Finland,62535.0
2019Q4,Sweden,123546.7
2019Q4,United Kingdom,660925.0
2019Q4,Iceland,5793.5
2019Q4,Norway,92542.6
2019Q4,Switzerland,169486.8
2019Q4,Montenegro,1252.9
2019Q4,North Macedonia,3016.1
2019Q4,Albania,3435.6
2019Q4,Serbia,12518.6
2019Q4,Turkey,188393.7
2019Q4,Belarus,
2019Q4,Bosnia and Herzegovina,4621.9
2019Q4,Kosovo (under United Nations Security Council Resolution 1244/99),1867.0
2019Q4,Moldova,
2019Q4,Russia,422464.5
2019Q4,Ukraine,
2019Q4,Mauritius,
2019Q4,Rwanda,
2019Q4,Seychelles,
2019Q4,Egypt,
2019Q4,Morocco,
2019Q4,Botswana,
2019Q4,Namibia,
2019Q4,South Africa,80549.2
2019Q4,Cabo Verde,
2019Q4,Nigeria,
2019Q4,Canada,409825.5
2019Q4,United States,4993529.0
2019Q4,Dominican Republic,
2019Q4,Jamaica,
2019Q4,Costa Rica,
2019Q4,El Salvador,
2019Q4,Guatemala,
2019Q4,Honduras,
2019Q4,Mexico,291821.9
2019Q4,Nicaragua,
2019Q4,Argentina,95943.8
2019Q4,Bolivia,
2019Q4,Brazil,421807.6
2019Q4,Chile,
2019Q4,Colombia,
2019Q4,Ecuador,
2019Q4,Paraguay,
2019Q4,Peru,
2019Q4,Uruguay,
2019Q4,Kazakhstan,
2019Q4,Kyrgyzstan,
2019Q4,China including Hong Kong,3563806.9
2019Q4,Hong Kong,85892.5
2019Q4,Macao,
2019Q4,Japan,1203956.9
2019Q4,Mongolia,
2019Q4,South Korea,381726.2
2019Q4,India,656050.5
2019Q4,Iran,
2019Q4,Sri Lanka,
2019Q4,Brunei Darussalam,
2019Q4,Cambodia,
2019Q4,Indonesia,258042.0
2019Q4,Malaysia,
2019Q4,Philippines,97534.3
2019Q4,Singapore,85234.3
2019Q4,Thailand,129342.0
2019Q4,Armenia,
2019Q4,Azerbaijan,
2019Q4,Bahrain,
2019Q4,Georgia,
2019Q4,Iraq,
2019Q4,Israel,94014.6
2019Q4,Palestine,
2019Q4,Qatar,
2019Q4,Saudi Arabia,
2019Q4,Australia,322507.3
2019Q4,New Zealand,49445.6
2019Q4,Samoa,
2020Q1,European Union - 27 countries (from 2020),3337150.5
2020Q1,European Union - 28 countries (2013-2020),
2020Q1,Euro area - 19 countries  (from 2015),2859756.1
2020Q1,Belgium,113665.0
2020Q1,Bulgaria,13290.3
2020Q1,Czechia,52795.2
2020Q1,Denmark,76997.0
2020Q1,Germany (until 1990 former territory of the FRG),851810.0
2020Q1,Estonia,6536.9
2020Q1,Ireland,91882.4
2020Q1,Greece,40555.8
2020Q1,Spain,290523.0
2020Q1,France,579098.0
2020Q1,Croatia,12067.8
2020Q1,Italy,407211.4
2020Q1,Cyprus,5324.2
2020Q1,Latvia,6734.1
2020Q1,Lithuania,11218.3
2020Q1,Luxembourg,15577.0
2020Q1,Hungary,32390.4
2020Q1,Malta,3211.4
2020Q1,Netherlands,200967.0
2020Q1,Austria,93823.8
2020Q1,Poland,128680.3
2020Q1,Portugal,50762.0
2020Q1,Romania,45018.1
2020Q1,Slovenia,11273.9
2020Q1,Slovakia,21451.8
2020Q1,Finland,58132.0
2020Q1,Sweden,116153.2
2020Q1,United Kingdom,643452.6
2020Q1,Iceland,4823.8
2020Q1,Norway,85980.1
2020Q1,Switzerland,164806.1
2020Q1,Montenegro,917.4
2020Q1,North Macedonia,2607.7
2020Q1,Albania,3035.5
2020Q1,Serbia,11079.0
2020Q1,Turkey,159253.8
2020Q1,Belarus,
2020Q1,Bosnia and Herzegovina,4257.6
2020Q1,Kosovo (under United Nations Security Council Resolution 1244/99),1437.7
2020Q1,Moldova,
2020Q1,Russia,342962.5
2020Q1,Ukraine,
2020Q1,Mauritius,
2020Q1,Rwanda,
2020Q1,Seychelles,
2020Q1,Egypt,
2020Q1,Morocco,
2020Q1,Botswana,
2020Q1,Namibia,
2020Q1,South Africa,75399.8
2020Q1,Cabo Verde,
2020Q1,Nigeria,
2020Q1,Canada,366073.3
2020Q1,United States,4756978.3
2020Q1,Dominican Republic,
2020Q1,Jamaica,
2020Q1,Costa Rica,
2020Q1,El Salvador,
2020Q1,Guatemala,
2020Q1,Honduras,
2020Q1,Mexico,277145.6
2020Q1,Nicaragua,
2020Q1,Argentina,91452.1
2020Q1,Bolivia,
2020Q1,Brazil,375020.4
2020Q1,Chile,
2020Q1,Colombia,
2020Q1,Ecuador,
2020Q1,Paraguay,
2020Q1,Peru,
2020Q1,Uruguay,
2020Q1,Kazakhstan,
2020Q1,Kyrgyzstan,
2020Q1,China including Hong Kong,2683407.4
2020Q1,Hong Kong,77211.0
2020Q1,Macao,
2020Q1,Japan,1148674.4
2020Q1,Mongolia,
2020Q1,South Korea,348104.1
2020Q1,India,666715.0
2020Q1,Iran,
2020Q1,Sri Lanka,
2020Q1,Brunei Darussalam,
2020Q1,Cambodia,
2020Q1,Indonesia,249412.4
2020Q1,Malaysia,
2020Q1,Philippines,79725.7
2020Q1,Singapore,
2020Q1,Thailand,120627.3
2020Q1,Armenia,
2020Q1,Azerbaijan,
2020Q1,Bahrain,
2020Q1,Georgia,
2020Q1,Iraq,
2020Q1,Israel,90988.5
2020Q1,Palestine,
2020Q1,Qatar,
2020Q1,Saudi Arabia,
2020Q1,Australia,290372.8
2020Q1,New Zealand,46993.8
2020Q1,Samoa,
2020Q2,European Union - 27 countries (from 2020),3047389.3
2020Q2,European Union - 28 countries (2013-2020),
2020Q2,Euro area - 19 countries  (from 2015),2589734.4
2020Q2,Belgium,103698.0
2020Q2,Bulgaria,14200.9
2020Q2,Czechia,49529.6
2020Q2,Denmark,74284.7
2020Q2,Germany (until 1990 former territory of the FRG),768770.0
2020Q2,Estonia,6451.6
2020Q2,Ireland,82651.8
2020Q2,Greece,38024.1
2020Q2,Spain,250776.0
2020Q2,France,513877.0
2020Q2,Croatia,11241.7
2020Q2,Italy,370119.4
2020Q2,Cyprus,4856.2
2020Q2,Latvia,6894.3
2020Q2,Lithuania,11572.1
2020Q2,Luxembourg,14926.1
2020Q2,Hungary,30807.0
2020Q2,Malta,2857.5
2020Q2,Netherlands,191318.0
2020Q2,Austria,86150.3
2020Q2,Poland,117302.4
2020Q2,Portugal,46400.8
2020Q2,Romania,46122.3
2020Q2,Slovenia,10901.2
2020Q2,Slovakia,21131.8
2020Q2,Finland,58359.0
2020Q2,Sweden,114166.9
2020Q2,United Kingdom,530595.8
2020Q2,Iceland,4469.6
2020Q2,Norway,71736.2
2020Q2,Switzerland,157054.8
2020Q2,Montenegro,902.4
2020Q2,North Macedonia,2332.8
2020Q2,Albania,3098.3
2020Q2,Serbia,10774.7
2020Q2,Turkey,137583.2
2020Q2,Belarus,
2020Q2,Bosnia and Herzegovina,4062.7
2020Q2,Kosovo (under United Nations Security Council Resolution 1244/99),1635.7
2020Q2,Moldova,
2020Q2,Russia,292529.5
2020Q2,Ukraine,
2020Q2,Mauritius,
2020Q2,Rwanda,
2020Q2,Seychelles,
2020Q2,Egypt,
2020Q2,Morocco,
2020Q2,Botswana,
2020Q2,Namibia,
2020Q2,South Africa,54549.8
2020Q2,Cabo Verde,
2020Q2,Nigeria,
2020Q2,Canada,319616.5
2020Q2,United States,4450503.0
2020Q2,Dominican Republic,
2020Q2,Jamaica,
2020Q2,Costa Rica,
2020Q2,El Salvador,
2020Q2,Guatemala,
2020Q2,Honduras,
2020Q2,Mexico,195375.4
2020Q2,Nicaragua,
2020Q2,Argentina,78676.6
2020Q2,Bolivia,
2020Q2,Brazil,288641.9
2020Q2,Chile,
2020Q2,Colombia,
2020Q2,Ecuador,
2020Q2,Paraguay,
2020Q2,Peru,
2020Q2,Uruguay,
2020Q2,Kazakhstan,
2020Q2,Kyrgyzstan,
2020Q2,China including Hong Kong,3203254.4
2020Q2,Hong Kong,74598.2
2020Q2,Macao,
2020Q2,Japan,1070043.1
2020Q2,Mongolia,
2020Q2,South Korea,351641.3
2020Q2,India,455756.6
2020Q2,Iran,
2020Q2,Sri Lanka,
2020Q2,Brunei Darussalam,
2020Q2,Cambodia,
2020Q2,Indonesia,224320.1
2020Q2,Malaysia,
2020Q2,Philippines,
2020Q2,Singapore,
2020Q2,Thailand,100893.3
2020Q2,Armenia,
2020Q2,Azerbaijan,
2020Q2,Bahrain,
2020Q2,Georgia,
2020Q2,Iraq,
2020Q2,Israel,84177.1
2020Q2,Palestine,
2020Q2,Qatar,
2020Q2,Saudi Arabia,
2020Q2,Australia,281022.8
2020Q2,New Zealand,40705.7
2020Q2,Samoa,
2020Q3,European Union - 27 countries (from 2020),3374136.1
2020Q3,European Union - 28 countries (2013-2020),
2020Q3,Euro area - 19 countries  (from 2015),2874899.3
2020Q3,Belgium,110937.0
2020Q3,Bulgaria,16195.8
2020Q3,Czechia,54778.7
2020Q3,Denmark,75865.8
2020Q3,Germany (until 1990 former territory of the FRG),842970.0
2020Q3,Estonia,6966.3
2020Q3,Ireland,99298.3
2020Q3,Greece,44542.5
2020Q3,Spain,280458.0
2020Q3,France,578096.0
2020Q3,Croatia,13470.7
2020Q3,Italy,424154.2
2020Q3,Cyprus,5458.9
2020Q3,Latvia,7801.0
2020Q3,Lithuania,13186.9
2020Q3,Luxembourg,15888.1
2020Q3,Hungary,34435.5
2020Q3,Malta,3221.3
2020Q3,Netherlands,198782.0
2020Q3,Austria,95614.4
2020Q3,Poland,131154.1
2020Q3,Portugal,52065.4
2020Q3,Romania,58863.4
2020Q3,Slovenia,12158.3
2020Q3,Slovakia,24440.1
2020Q3,Finland,58865.0
2020Q3,Sweden,114479.9
2020Q3,United Kingdom,580977.6
2020Q3,Iceland,4536.7
2020Q3,Norway,76602.9
2020Q3,Switzerland,165096.9
2020Q3,Montenegro,1213.4
2020Q3,North Macedonia,2781.4
2020Q3,Albania,3309.2
2020Q3,Serbia,11895.9
2020Q3,Turkey,167827.2
2020Q3,Belarus,
2020Q3,Bosnia and Herzegovina,
2020Q3,Kosovo (under United Nations Security Council Resolution 1244/99),1828.5
2020Q3,Moldova,
2020Q3,Russia,323987.2
2020Q3,Ukraine,
2020Q3,Mauritius,
2020Q3,Rwanda,
2020Q3,Seychelles,
2020Q3,Egypt,
2020Q3,Morocco,
2020Q3,Botswana,
2020Q3,Namibia,
2020Q3,South Africa,57387.9
2020Q3,Cabo Verde,
2020Q3,Nigeria,
2020Q3,Canada,373943.9
2020Q3,United States,4554429.8
2020Q3,Dominican Republic,
2020Q3,Jamaica,
2020Q3,Costa Rica,
2020Q3,El Salvador,
2020Q3,Guatemala,
2020Q3,Honduras,
2020Q3,Mexico,223677.2
2020Q3,Nicaragua,
2020Q3,Argentina,79360.3
2020Q3,Bolivia,
2020Q3,Brazil,301135.8
2020Q3,Chile,
2020Q3,Colombia,
2020Q3,Ecuador,
2020Q3,Paraguay,
2020Q3,Peru,
2020Q3,Uruguay,
2020Q3,Kazakhstan,
2020Q3,Kyrgyzstan,
2020Q3,China including Hong Kong,3291967.1
2020Q3,Hong Kong,77079.5
2020Q3,Macao,
2020Q3,Japan,1058869.8
2020Q3,Mongolia,
2020Q3,South Korea,353795.6
2020Q3,India,543317.3
2020Q3,Iran,
2020Q3,Sri Lanka,
2020Q3,Brunei Darussalam,
2020Q3,Cambodia,
2020Q3,Indonesia,226787.5
2020Q3,Malaysia,
2020Q3,Philippines,
2020Q3,Singapore,
2020Q3,Thailand,
2020Q3,Armenia,
2020Q3,Azerbaijan,
2020Q3,Bahrain,
2020Q3,Georgia,
2020Q3,Iraq,
2020Q3,Israel,87631.7
2020Q3,Palestine,
2020Q3,Qatar,
2020Q3,Saudi Arabia,
2020Q3,Australia,296796.8
2020Q3,New Zealand,46058.3
2020Q3,Samoa,
